feature1,feature2,feature3,feature4,target
0.4967141530112327,0.9480347947986174,-0.6751782749743815,-1.907807557877391,0.12097740615093203
-0.13826430117118466,0.3931846908707921,-0.14451867071551783,-0.8603850107795019,-0.026672762214710308
0.6476885381006925,0.3536594540104333,-0.7924199209999613,-0.41360553342164424,-0.19612788802964834
1.5230298564080254,0.4380465393512257,-0.3079615296390403,1.8876876573401904,0.4321292877020155
-0.23415337472333597,0.23203496944512697,-1.8936146669537857,0.5565531245337582,-0.6847984801828024
-0.23413695694918055,0.07967421423628453,0.21329370737293857,-1.3354815690998914,-0.08844455177237288
1.5792128155073915,1.237203017767562,0.0012054753622242368,0.486036289417637,0.950255205232435
0.7674347291529088,0.7013032654174391,-0.8170886310681906,-1.5473039889383655,0.1625634280522619
-0.4694743859349521,0.2900391646921915,0.6592456684324051,1.0826910538870733,0.13644436880303007
0.5425600435859647,0.003662416012698344,0.9375701376265584,-0.4711246518178786,0.5247418291964375
-0.46341769281246226,0.4269881864109317,-1.6075598643689741,-0.09363618873917084,-0.4941206169039455
-0.46572975357025687,-0.13406507443892862,-0.7627247785662142,1.32579664754219,-0.41167357847865477
0.24196227156603412,1.1586115720956498,-0.7691423497872982,-1.28716356858425,0.1133935786734006
-1.913280244657798,-1.3012340313736828,-0.9399031011088647,-1.3971181851129912,-1.3640838549490886
-1.7249178325130328,0.005522985326108287,0.8294748419317485,-0.5835993263460049,-0.17636761033821205
-0.5622875292409727,-0.18218837288916245,-0.19382613877280352,1.0383788510193166,-0.3520495819423923
-1.0128311203344238,-0.8321245619744361,-0.26451484131061076,-1.5193460754768424,-0.8697675917888037
0.3142473325952739,-0.08481925072952384,-2.0038623644067535,-2.832155598110569,-0.5284987301495032
-0.9080240755212109,-0.6141856918577655,0.6354180302092264,-0.4511588584089988,-0.18696321821006212
-1.4123037013352915,-0.49406887746668754,-1.2392583948534726,0.5517407999109204,-1.027800405069729
1.465648768921554,0.9942421284785268,0.05993263026632825,1.2002617497388293,0.7561495463388647
-0.22577630048653566,-0.3997381522125573,0.2773769379581917,-0.463161362085399,-0.15021524069891
0.06752820468792384,0.0215868062134705,1.360658595838651,-0.41142660711600243,0.5524054935110017
-1.4247481862134568,0.35876108619920344,-1.308820399119112,1.1539007342557472,-1.003263765871352
-0.5443827245251827,0.5915802227877643,-3.0195121558208253,-1.8697416996954206,-0.9659369630442252
0.11092258970986608,0.2736231296919491,0.18384954475369486,-0.38852077518300926,0.06545233387978287
-1.1509935774223028,-0.5564950496270512,1.8005111815108537,0.19042388992505774,0.10476125610481739
0.37569801834567196,0.24786467253196665,1.2389463529394373,0.44921872128503426,0.6386214280004264
-0.600638689918805,0.006439641405805829,0.20965941527462578,-0.5098066931908826,0.03441162404118832
-0.2916937497932768,-0.6572431574958412,-0.49163618563204736,0.03444101170584135,-0.47988464651328894
-0.6017066122293969,-0.429541574826371,0.8071225966373103,-2.4883273534129895,-0.11013899706485247
1.8522781845089378,0.09184705531567416,-0.9735461997044687,-0.6582484123338483,0.31925292814133
-0.013497224737933921,0.19286294893367267,0.47635776935621926,0.4535087125544674,0.3174528876797575
-1.0577109289559004,-0.20525749462657966,0.5054701591666269,-0.9822940342546795,-0.12285896768644802
0.822544912103189,0.1696792249019075,1.0602099074988798,0.058984221589597374,0.7933246282181649
-1.2208436499710222,0.1765715566595053,2.7596600389110777,0.446872500802698,1.030018577629221
0.2088635950047554,-0.5084510339987929,0.39241596717876703,-0.34254920085776497,0.2855996446769068
-1.9596701238797756,-1.712022502044798,-0.5089636257074988,0.1704637709965709,-1.373764772360701
-1.3281860488984305,-0.5518671151692293,-0.025574312191994436,-0.9627325652846123,-0.4118571748159804
0.19686123586912352,0.621979769240639,-1.7690759048891183,-0.20661127969604665,-0.4236612414468286
0.7384665799954104,1.2111971357266396,-0.6947131310890582,0.6102161695892225,0.3569234438947666
0.1713682811899705,-0.14375799083948476,-0.409282438113104,0.15697296096843422,-0.3246569713044288
-0.11564828238824053,0.48151627552152754,-0.5240883979345925,-0.5865312695639355,-0.11691353777267052
-0.3011036955892888,-0.169806082544998,0.152354872033722,0.224216404290793,-0.1616133436604537
-1.4785219903674274,-0.8255746451541235,-0.8224199323822006,0.714609790636618,-0.9373910821200147
-0.7198442083947086,0.08190786454598187,1.1210306673244714,-2.049941278577478,0.36413941381545106
-0.4606387709597875,0.09584205372681606,0.00020706491819709385,1.1590740649558977,-0.3168048243042437
1.0571222262189157,-0.25963496538266684,-0.009300321138614417,-0.336254738681072,0.23332256339500182
0.3436182895684614,0.9100793196471786,-0.32789471651291785,0.42548993324023027,0.35713754663895003
-1.763040155362734,-0.1914744006076412,0.15519068385897913,1.197246923645228,-0.5429459894788653
0.324083969394795,-0.1507393660573672,0.8250982646676347,-1.371673697230466,0.4549490513685187
-0.38508228041631654,0.005360626510546251,-0.8671302157109003,-0.7094410024275466,-0.4256520356933828
-0.6769220003059587,-0.09144590701160996,-0.6581164890752567,-0.2885486958757048,-0.45959094463011063
0.6116762888408679,0.4361750273323875,-0.30372602877666466,-0.7837535211244283,0.165733485534481
1.030999522495951,0.24034718432526542,-1.345870923473215,1.7349365758368085,-0.278602437756492
0.9312801191161986,0.1298283755890735,-0.8192578597214978,-0.8567720938267928,-0.12152361021952027
-0.8392175232226385,-0.4323857971070419,-0.47622087354465903,-0.5555467794868666,-0.501034094071236
-0.3092123758512146,0.431758321704075,0.8743891807127275,0.20438903160297678,0.3884652815928375
0.33126343140356396,0.43743179299899815,0.26256132900192497,-1.2021495260760888,0.32178187446081613
0.9755451271223592,0.3024653975181266,0.19358991136754436,-0.39568071175626385,0.41845011770692825
-0.47917423784528995,0.14626223640152738,0.8508979621679722,0.31745326125017514,0.209966699885985
-0.18565897666381712,-1.5171007986469462,-0.13737178839939665,-0.33286040438251124,-0.4610854685041737
-1.1063349740060282,0.021215363183037628,0.3904648499288896,-0.09338685889994829,-0.202874351462144
-1.1962066240806708,-1.4679602014293853,-0.10322175293249623,-0.5293321124483709,-0.9746452201561722
0.812525822394198,0.22504244049553293,0.26536234939962844,-1.514470309180767,0.491780596180788
1.356240028570823,0.11828506697233954,-0.5827586576115821,0.32159321133923857,0.18876639923184418
-0.07201012158033385,-0.6833457986506198,-2.438817158276429,1.7549330716472415,-1.1989940528265801
1.0035328978920242,1.0821798426352718,-0.13427916218630415,0.01840163078343813,0.7327599879236183
0.36163602504763415,-0.053032588132128605,1.42274813609994,0.22526411724754952,0.659624229779577
-0.6451197546051243,-0.14930793643720425,0.9262154022415924,0.6927227551168594,0.16107622089581097
0.36139560550841393,0.15723751331461494,0.9653974845911707,-1.2693304965466992,0.4238565803535444
1.5380365664659692,1.0075386968445454,1.2361307218062179,1.7025146581296056,1.2361579224805457
-0.03582603910995154,0.02049792597515191,0.08865759096143744,0.20232879642280202,0.09181720696499522
1.5646436558140062,0.1408257158127183,0.1973157074055956,1.631856899089109,0.43502972106613136
-2.6197451040897444,-0.8117391423213022,-0.6176518954343502,-0.7330329955239894,-1.2564215227854831
0.8219025043752238,0.16407296060695567,-0.31607285602704976,1.8180619225578247,0.17944260434831458
0.08704706823817122,-0.7347674152107899,0.6157711497711416,0.7751554940347831,0.05612110137541496
-0.29900735046586746,-0.36356125571589,1.2038844371688162,0.5530400858523584,0.38649908287882356
0.0917607765355023,0.7962602835849066,-0.13944627568099954,0.23402445435314795,0.24407165924857502
-1.9875689146008928,-0.5686735862437,-0.4501892648514116,-0.24852861807444937,-0.7991412663582981
-0.21967188783751193,-0.2841620111226856,0.0005279588565972928,1.2005316584738726,-0.25029793770482395
0.3571125715117464,0.003927433596658814,0.6012067489291149,0.14035986984804696,0.3623871578260023
1.477894044741516,0.5781294967620667,-1.4438548161335418,-1.9670697035871523,0.047711814636652874
-0.5182702182736474,0.7792388826435968,-2.296180953137238,-1.1171864617070024,-0.9471072313194184
-0.8084936028931876,-0.21327907533081714,-0.5505368494915835,-0.1858457521927473,-0.4311170430547001
-0.5017570435845365,-0.035857698196733456,-1.2207124259141586,0.3099989831655551,-0.41710206231476266
0.9154021177020741,0.9728427858669582,-0.5081401976473109,-0.05658848889989584,0.3615167845634022
0.32875110965968446,0.283770134343099,-0.14778031881747153,1.2189707897936632,0.17514635450122312
-0.5297602037670388,-0.39440117479387093,-0.4532484090230134,-1.9511018640386248,-0.4500959295959456
0.5132674331133561,0.15845879201418892,1.4524675344707454,0.1435879365051602,0.7111464143358441
0.09707754934804039,0.012738144966988219,0.32674476460232005,-1.8179792253871547,-0.01843341364476503
0.9686449905328892,0.4657113770115238,0.30047435961082836,0.7597122954841684,0.4799193057981187
-0.7020530938773524,0.012788224879813737,0.6222071440434019,-0.09445871444200275,-0.09709244117707394
-0.3276621465977682,-0.1378581303952344,-1.1388331177807691,0.41960997202411815,-0.4247791224042967
-0.39210815313215763,0.1702659620417108,1.0391117874202687,-0.8638829605897661,0.3375810882486495
-1.4635149481321186,-0.7721157641203504,-0.07576428653545988,1.279464931657751,-0.7355868611946418
0.29612027706457605,0.18737773369033334,0.6704806172412126,1.0417246640588513,0.5021570326017384
0.26105527217988933,-0.8685727061761092,-1.0718572330401555,0.5835443030118876,-0.7231732337005169
0.00511345664246089,0.46072056567247116,-1.5537587660160643,-0.12951724686344077,-0.5584397035124015
-0.23458713337514692,0.05595067126142289,0.8178896580250287,0.5798572852951321,0.28037215150075645
-1.4153707420504142,-0.208680316095381,0.3764095260975166,-0.7068925679873489,-0.23377460786238385
-0.42064532276535904,-1.6584503504795243,-0.9020515543575104,0.8555556590207121,-0.9343808191995903
-0.3427145165267695,0.872830094126979,-0.8696630812746944,1.649480894323921,-0.1639980449782267
-0.8022772692216189,-0.4709334486883963,1.1254347844147694,1.0706105599791862,0.07602247191650485
-0.16128571166600914,0.4734485525357537,-1.1894118928673278,-0.7296024698074095,-0.3420923193333303
0.4040508568145384,-0.3179275351554962,1.6426729532559634,0.3614173172731029,0.7030714683130236
1.8861859012105302,1.24947990313655,-0.9006207346478687,-1.2931415437586478,0.4774542199672829
0.17457781283183896,-0.4394188751709086,0.638391925608383,0.5723903111756757,0.18051237370494744
0.25755039072276437,-0.18310928498652038,-0.3286184757489846,0.45060341286253885,-0.21648392447049591
-0.07444591576616721,0.9197927190503095,0.6031874310823431,-1.869816339532164,0.5029872677082623
-1.9187712152990415,-1.054726808031194,-0.5441140021141926,-1.1617838439123638,-1.1577598019935718
-0.026513875449216878,0.095459498865253,-0.1627929060722942,-0.28313889674376713,0.20950468687417928
0.06023020994102644,0.46514897031489033,0.04091917539572113,-0.30085974714082625,0.16999198585989228
2.463242112485286,1.4794620002289454,-1.0021874557814727,-1.2094769354188053,0.6415122948755213
-0.19236096478112252,-0.02097102981877305,0.7408243454201259,0.38897872935218375,0.21891211872038924
0.30154734233361247,0.33325417239991895,-0.5132135664715852,0.2514736089405121,0.03709090239521412
-0.03471176970524331,1.1843519077665159,-0.22859991534001858,-0.1942691319785193,0.42078846989762675
-1.168678037619532,-0.6131484173265587,-0.9943493746085122,-0.7557915001583629,-0.9912329263211038
1.1428228145150205,0.6719609306149941,-2.5623336587953105,1.0487071264165635,-0.6387411373814839
0.7519330326867741,0.9012937143471931,-0.19102776260016902,1.6554071130882952,0.5012406202132207
0.7910319470430469,0.9482789400005154,2.412615421612916,-0.4835614838465371,1.3487795641682698
-0.9093874547947389,0.1388214253828206,0.7846042878980238,-0.6121669171548207,0.03905636218488556
1.4027943109360992,1.020762266482642,-0.01926037973439464,0.4912076654119963,0.693600772780765
-1.4018510627922809,-1.2724279877613822,-0.2628908292082677,-0.35802937974698623,-0.9144033921794168
0.5868570938002703,1.1101443130506832,0.02246589281204638,-0.13939720066323416,0.5870032248875382
2.1904556258099785,0.5220551163956453,0.54711911517521,0.7396531517246714,0.9642374405031322
-0.9905363251306883,-0.3439504299458276,-1.1808128153088449,-1.9093560875072928,-0.9000440778631689
-0.5662977296027719,-0.6602867898110649,1.114321694668872,1.3183023248526693,0.07632628674845901
0.09965136508764122,0.01775650924732434,0.7153813154412441,0.07268052432934134,0.33633468422886603
-0.5034756541161992,-0.0873566219063594,0.7181857257079345,-0.4114931445621802,0.1198073249471985
-1.5506634310661327,-0.6146531078079298,0.4384757388097273,-0.08923415422144892,-0.4306040886160698
0.06856297480602733,0.24524186452065605,0.019616657693989903,-0.03757064497948127,0.1863720658397747
-1.0623037137261049,0.2757037776662711,0.6728612359668199,-1.7312013034449254,0.07242792513387467
0.4735924306351816,0.4635633660745807,0.591814133741378,1.494938227453236,0.5632309448604018
-0.9194242342338032,-0.5817904347622259,-0.3540407109410238,0.041325632270618466,-0.750203001749866
1.5499344050175394,1.2570107866529483,-0.573601772896901,0.4430021304473752,0.6176656182589539
-0.7832532923362371,0.20310859829420175,0.1018562952619867,0.9515497705740428,-0.08535013530765503
-0.3220615162056756,-0.7748346656713341,1.5490201514951873,-1.0211624575603002,0.3634333254920171
0.8135172173696698,0.7054586436097638,-1.2391070756539009,0.47347189903522846,-0.10918514939110974
-1.2308643164339552,-0.26484578706152845,-1.46752526575244,-0.26764109089879357,-1.1016270648384856
0.22745993460412942,-0.03505178437793126,0.16476084123651674,0.8467707752164937,0.06621671403410631
1.307142754282428,1.3414247837970237,0.05088770185601806,-2.1272274203514954,0.868566732155377
-1.6074832345612275,-0.8787694107968771,0.1733416643704082,-0.099094300241269,-0.5731510223668472
0.1846338585323042,0.15510515600192323,0.24395319790850026,-0.6028206557839616,0.15875697279450818
0.25988279424842353,0.04340548498227696,-0.22320225463480511,0.4322629506341555,0.09250181327799299
0.7818228717773104,0.39870095967938896,1.4898634386020821,0.47004418736820214,0.9624505057943021
-1.236950710878082,-1.1666128988866418,-1.6009039784765156,-0.7076258948220261,-1.373859252036267
-1.3204566130842763,-1.3802537478392853,-0.828497024780246,-0.7121738641760436,-1.1627503411709637
0.5219415656168976,1.058223314420935,-0.10325476014904739,-0.11066536855732945,0.5074086964119465
0.29698467323318606,-0.2749883375425709,-1.6431888111541673,-0.8966422273152082,-0.6181188420757753
0.25049285034587654,-0.3704497495552153,-0.17585440443207118,0.8419836954521269,0.12125371122913364
0.3464482094969757,-0.9034709520533696,1.6614701657280182,-0.36920720044744615,0.4122587792245568
-0.6800247215784908,-0.6594932346339966,0.020886488295961788,-2.9069882193216414,-0.34169062134236394
0.23225369716100355,-0.5454180481232473,0.23070090571868349,-0.3748220566218061,-0.05458904398235103
0.29307247329868125,0.9675438167175252,-1.2601647651725802,-1.0385438208439723,-0.21280971776303453
-0.7143514180263678,0.14773283565813317,-0.6163614080394775,-1.6312758154609455,-0.4176168516297586
1.8657745111447566,0.5888120829835164,-0.375196380323937,-1.2374266382225725,0.6000326740496107
0.4738329209117875,1.3631343631280481,-0.31771509675623405,0.10940847183297006,0.7158215020154663
-1.1913034972026486,-0.10476900510552717,1.2816437950037687,1.3286408282482312,0.10542118574073456
0.6565536086338297,0.16586111256260364,0.5576910607251245,0.31318447386498,0.35678296770051143
-0.9746816702273214,-1.7370436925504473,-1.111457956937032,-0.6065033882157397,-1.2307997198587048
0.787084603742452,1.539013588166597,0.24650477843200488,0.4559041951707027,0.5889673651908798
1.158595579007404,-0.11548844387809598,0.49822174849678513,-0.45909031021899177,0.50302516167708
-0.8206823183517105,-1.233040532654301,1.1401490385212665,-0.6946003691631446,-0.15845471166378075
0.9633761292443218,0.9929732806269811,1.5805406865683735,-1.1543626682329844,1.2985811358832615
0.4127809269364983,1.4262666666378856,-1.0150941918278686,-1.7518288067517191,0.2430388262839524
0.82206015999449,1.1031664892525042,-0.8108575112103382,-0.3899237065594453,0.20286802839919119
1.8967929826539474,1.2303510513531535,-1.2575778589146163,0.15805348992013185,0.42005066517329037
-0.2453881160028705,0.17468311283120774,-0.23401985910698136,-0.09662367001488972,-0.19143152765535848
-0.7537361643574896,0.04983969721140907,0.4663583744463345,-0.4159669279473586,-0.1374318458460597
-0.8895144296255233,-0.06529291991937908,0.9873345165891019,-0.9457460606967811,0.1394810797102335
-0.8158102849654383,-0.26730943049803124,-0.07595102364252276,0.6082461916849685,-0.4826748789557098
-0.0771017094141042,0.013549697268885934,-0.31984752325484395,-1.317131919946585,-0.18846730300268935
0.3411519748166439,0.13927942345856073,0.15175799224874037,0.7760279138434754,0.1053152203921338
0.27669079933001905,-0.2386368947683286,-0.835142901630023,-1.0022170189267248,-0.26767267065447614
0.8271832490360238,0.27325408608462487,2.0895387216947734,-0.752435237353035,1.3460896991407527
0.01300189187790702,-0.8399774611587392,-1.6076610271180587,-1.466785190615677,-1.0213158799118063
1.4535340771573169,0.6775972251812835,0.18474057889572446,-0.5014021468856367,0.527933773970113
-0.2646568332379561,-0.6266239701944367,2.0236062192296393,0.9753124584779789,0.5295695581271312
2.720169166589619,0.808289924686924,0.006799844559997769,0.5156280884439565,1.0628274448027377
0.6256673477650062,0.40278074945924236,-0.19003903500149447,0.9784221120280351,0.25438474584240656
-0.8571575564162826,0.2674223649641584,-0.3574454228104272,0.5221425459339358,-0.36453077808324263
-1.0708924980611123,-0.07628794602939964,-0.18039168176240783,-1.1036698285303692,-0.4363747358146599
0.4824724152431853,-0.5440140941899958,1.3728484746765302,-0.33078922432755736,0.5674279272406292
-0.2234627853258509,-0.6065454609480943,-2.211861911329507,-0.7801991291174627,-1.0297041491495025
0.714000494092092,0.827385841040154,1.5334337012963255,1.3305749040390402,0.8802845040263757
0.47323762457354485,-0.2546248844823824,-1.423957152450145,-1.1967886464263116,-0.5408929828558556
-0.07282891265687277,-0.1487310313269487,-0.2666523292344148,0.8936976893891109,-0.151748035494806
-0.846793718068405,-0.14837080952192655,-0.42924442029866183,0.8929538701087693,-0.5620447368576378
-1.5148472246858646,-1.24159583977475,0.5885532697707198,1.8296202017160872,-0.4183946482531664
-0.4465149520670211,-0.17056972296053058,-1.5981243518837476,-0.40968659262949736,-0.8879161312846382
0.8563987943234723,-0.23881335029736606,0.46217266608194285,0.7123221595801621,0.36601543093988076
0.21409374413020396,-0.19363694991050484,2.0243096232868525,2.2816518365388427,0.8714630972648798
-1.245738778711988,-0.4629784222847255,-1.3631740045928105,-0.6176416769336966,-1.1170132410163276
0.173180925851182,-0.7099064038402436,0.18970616761039566,-1.5350402475323597,-0.2697924811330019
0.3853173797288368,0.4128960588446179,-0.6619821777966091,-1.8800100339077637,-0.06819429223826058
-0.883857436201133,-0.45174761756390713,0.42588720619303577,0.7127120288613313,-0.1273825780595936
0.1537251059455279,0.35310753018133784,0.01914777741575206,-1.8831502080585838,0.12601938912584668
0.058208718445999896,0.14106142625533066,-0.6414869090443096,-0.37231905293792283,-0.2814571503532226
-1.142970297830623,0.11058506607161056,0.487872284871074,0.4373131870389607,-0.02199943462900203
0.3577873603482833,0.2415059314980953,1.804348109786743,0.18517553682991406,0.8684497418663055
0.5607845263682344,0.06568949262149071,-0.19090379172729868,0.42544486418417227,0.06056460764097632
1.083051243175277,0.6026743731037804,0.7197579421481819,0.22228985580085406,0.808566470709321
1.053802052034903,0.7985500405356454,-1.2932729578711637,1.2788658133133932,0.11547146558457771
-1.377669367957091,-0.6644046488156934,-0.9564363768180087,-0.952316380738797,-0.7570254025857843
-0.9378250399151228,-0.4486166743556202,0.47240627788037737,-0.6769951384585313,-0.14424639236332965
0.5150352672086598,-0.09347821029904779,1.484116028535965,-0.772659445270824,0.836097525126104
0.5137859509122088,-0.07455748331936968,0.35561334878566,0.8301918118626102,0.2234172598933302
0.5150476863060479,-0.4437787927468228,-0.31305803052315434,0.9003985883950636,-0.20642935473844184
3.852731490654721,2.8011541169208303,-0.0007085945766459172,0.4512253193185082,2.0021153794039193
0.570890510693167,-0.33648636234905904,-1.2504077339697175,1.1834936668899279,-0.41912485755869505
1.135565640180599,0.2213302211923458,0.6045153263553668,-1.1780408673763807,0.5410236148175704
0.9540017634932023,0.11779724896200244,0.8823330623234091,1.667224111551137,0.6569434756755237
0.651391251305798,0.7731578141251196,-0.45209033283308037,1.5232386217122582,0.28646034666795617
-0.3152692446403456,-0.30510946146618667,-0.4700421477595015,0.7356219972457467,-0.3380911314339523
0.7589692204932674,1.0033556465835005,0.2658782296520485,1.78179890877106,0.6854775373222769
-0.7728252145375718,-0.7231579193907202,-0.4367197360405955,-1.6566232076777738,-0.5943863615809815
-0.23681860674000887,0.021087777741896546,-0.06613261462582246,-0.5244481362626519,-0.14187316047676826
-0.48536354782910346,-0.6603553005444304,2.0997217891665154,-0.7353034606819523,0.44478299848966174
0.08187413938632256,1.1135116335798554,-0.24702570074599667,0.7214793237573432,0.13991031179206714
2.3146585666735087,0.5635300738219979,-0.3583401520212222,-1.0501407396021456,0.8985980352586725
-1.867265192591748,-0.7787222411823602,-0.6475418056351592,0.7574951493374855,-1.0514679159243667
0.6862601903745135,0.6600185356533059,0.7441919714999368,1.3705361439967134,0.6790751008288354
-1.6127158711896517,-0.5994583868690767,-0.181224173218103,0.6952029000839993,-0.8290211548501056
-0.47193186578943347,-0.32860976233357087,-0.649373038321426,0.2837510236615011,-0.20634591353269388
1.088950596967366,0.47956494861696997,1.321304032273012,-0.9878733409007492,0.8917434733622162
0.06428001909546277,0.05404574553728618,1.4196030045136372,-0.8468509661253646,0.5604541386346722
-1.0777447779293061,-0.6123733897788973,-0.6004235657387051,1.2496189052966666,-0.705621192979337
-0.7153037092599682,0.12428770376747073,-1.8665399513606162,0.7793490039053323,-0.8638994856175679
0.6795977489346758,1.4450603752630136,1.0075136898369221,-0.03901951937754412,1.1361961187156442
-0.7303666317171367,-0.6439292083624851,-0.684629825760004,-0.41790954576589057,-0.5053798315509619
0.21645858958197486,-0.5766721949985515,0.7906255991627686,-2.025807873111377,0.2588019235862057
0.045571839903813784,-0.021355104223720518,-1.9701038177118355,-1.0708524186844388,-0.886379586377373
-0.6516003476058171,0.9640544950242507,0.8925973382993092,1.9114190871397234,0.4250806670330756
2.1439440893253257,0.6701347606777974,-1.2111719292807812,-1.2804555710024668,0.39053812054001286
0.6339190223180112,1.1365179138810393,0.7307641190665245,0.18947982122108065,1.0302593326369074
-2.025142586657607,-0.17372088629058324,0.014273067836434106,1.0074439731951985,-0.7937303625923131
0.18645431476942764,-0.18356696346928347,-0.9539394193966448,-1.2549226680022925,-0.260451911846092
-0.661786464768388,-0.046401692791556315,-0.4070363129267805,0.1847104747810833,-0.35727953548405383
0.852433334796224,1.240414978962381,0.6863184569567008,0.937915537510655,0.9861649304332099
-0.7925207384327007,-0.5858242397100939,0.10589445311523424,0.012499321907250335,-0.38134518386033783
-0.11473644146689901,-0.1591584007846304,0.5844129804724842,2.8684030556667683,0.06735347650090225
0.5049872789804571,-0.0383468174840933,1.9764405845154855,-1.6685992588781953,1.0056556501952365
0.8657551941701215,-0.0745007682613727,-1.5642416117110514,1.0587285298838789,-0.3228772142012338
-1.2002964070557762,-0.9247869760608917,1.617212574968624,-0.17280173739646437,0.10656571162642141
-0.3345012358409484,-0.7792207513016025,0.10435593752321293,0.7719201548366751,-0.2937046846713436
-0.4749453111609562,-0.22043092145086504,-0.8987840483231282,0.44130715169924584,-0.6281086914447825
-0.6533292325737119,-0.7116512318161768,-1.3303136257389898,-0.7331561971099966,-1.0974982891149467
1.7654542402810969,0.9996200760359223,-0.1891203907770335,0.22899639245934025,0.835811465398233
0.40498171096095553,-0.5754569676213359,0.9216501119244593,-1.8579014513982872,0.35990641601606826
-1.2608839543350452,-0.46500186106029406,-0.12754912037753421,0.6032475005713938,-0.6653636560560113
0.9178619470547761,0.8756954543318504,1.5111549302473475,0.29815846599052565,1.0886718251852645
2.1221561970126332,0.06421027722058892,-1.4511756900515589,0.6386601686431024,0.028763785054198895
1.0324652605511468,0.7032609151993595,-0.01208894784605456,1.0581183250871502,0.3675838303884883
-1.5193699659540134,-0.1458504867403606,-1.252393444413119,0.3676198402097109,-1.082291753234073
-0.48423407286625136,-0.8469375457787284,0.3636318826249679,0.1480894197982762,-0.3672817682241421
1.2669111491866227,1.4697417680121632,0.8868873900973003,-0.8810683366612923,1.1345029300097624
-0.7076694656187807,-0.14432522812636778,-0.42076179368105326,-0.712220763649051,-0.4977728754289222
0.44381942814622843,-0.1305962138060902,-2.6042138566271342,1.186734620177331,-1.1104190704354873
0.7746340534293368,0.3594324878858154,0.19894814679649453,1.4363354057059785,0.6220582441700917
-0.926930471578083,-0.18430177952818028,0.4367385517335095,-0.23811043631205406,-0.03342018153555204
-0.05952535606180008,0.00824001767530571,0.40429475496169764,0.04600274725327412,0.06843035831673218
-3.2412673400690726,-1.3512556738113517,1.235782191822154,-0.9046143749937661,-0.8562018877699047
-1.0243876413342898,-0.972530617206828,-1.0710536796490489,1.1727568452674448,-0.9857504404398255
-0.2525681513931603,-0.04160366367854115,0.6802161054504494,0.6654168236917787,0.30294348313601704
-1.2477831819648495,-1.3307488394349147,1.192507512477975,1.9412174364637491,-0.37841710409474716
1.6324113039316352,0.7605926212914674,-1.7785875840065168,-0.8783230771797389,0.1156768223625666
-1.4301413779606327,-1.1670245097127112,0.31965182591897723,-0.3780078990182172,-0.7060795663551056
-0.44004448669698376,-0.5877872146433751,-0.5041798310076715,0.2314459225255723,-0.6436076832220377
0.13074057728609134,0.6834168762482644,-0.08152267310164589,0.6464895377257707,0.2840518227510981
1.4412732890661155,1.2662917048301923,0.34767648353833636,-0.21566763754763232,1.0804159339964696
-1.4358621511794394,-0.4133620151361312,-0.4872285641135523,-0.8729610904537004,-0.49086777818702365
1.1631637521549596,0.035425493741190306,-0.6757080791616118,0.8814075289235711,-0.030678984404821086
0.010233061019587049,-0.15308769433760744,0.0341524174880246,0.7211353625455816,0.04069654550788261
-0.9815086510479509,0.11579452446561622,-1.0872459388628026,-0.9162741005637249,-0.7355927378991747
0.46210347426327075,0.30191019395158775,-1.0858251288851855,1.3554428011054958,-0.12679008003721354
0.19905969557347003,1.2591946177775821,0.6793732829565033,1.1701987091966037,0.562176652064792
-0.6002168771587947,-0.1034495188822114,-1.148794035158656,0.13429649724779288,-0.7968945104456208
0.06980208499001891,0.13092560074002524,0.6663125009092119,0.07959786237603639,0.24915582376604958
-0.3853135968617602,-0.34721503053213076,0.4625912928539512,0.5540577711159071,-0.026825666509778363
0.11351734525124804,0.12352912501676518,-1.7258067287905967,-0.8617030702562581,-0.6833168770896704
0.6621306745210467,0.2548304190702514,-0.6775646523356551,0.03003147916408217,0.06996790153446933
1.586016816145352,1.1470627464169714,1.1941094030473725,-2.1523835446091804,1.4002570918134374
-1.237815498826849,-0.1405565910161325,-0.9811655311396816,0.8764556455029355,-0.7460200852842316
2.1330333746562666,0.6735219570741586,-0.46440426230938764,-1.5614932224418594,0.8180836585614593
-1.9520877995225019,-1.6416603765401399,0.4620608932518965,1.503419828428999,-0.8517174325724997
-0.15178509503558332,-0.9939952340694399,0.7833905092825955,-0.3301200939664503,-0.1520675660524855
0.5883172064845765,0.5481542666985602,-0.2515388860444957,-0.2116669819311769,0.3766635388909767
0.28099186773503265,-0.41118736921942045,-0.5975101946916416,-0.6277339060845056,-0.33857835188257274
-0.6226995198205938,-1.3877950563865382,1.4223698616985077,-0.2880388739220764,0.05684142178582051
-0.20812225035727522,0.09022817708684444,1.7388996637975789,1.4185313451480366,0.817565065193413
-0.4930009346588328,0.9999992913869789,0.9788580507817954,-2.4878086565350794,0.5893115284042019
-0.5893647569442115,-0.29771783424205245,0.08531814256502405,1.2769653860881878,-0.3816134016463345
0.8496020970210246,0.8440464357363333,-0.8082657216409264,0.33802348110170816,0.09296705451985758
0.35701548596504734,0.21942242225630618,-0.8304444065565653,-1.2070216478572156,-0.026971943467706483
-0.6929095952606542,-0.3958996242258984,0.5225141052657575,-1.0753123930492379,-0.13454939230394436
0.8995998754332507,0.9093381792105096,0.4183982208886837,1.676393027208203,0.7179980582428183
0.30729952087660933,0.008512488343978997,1.4015985929464294,-0.9455068799427312,0.7312654815611093
0.8128621188389601,0.5401272164554315,0.6504500925361392,-1.1533505105959594,0.7357091238108054
0.6296288419236122,0.47566332405981293,-1.503080301759818,1.1373145423647293,-0.2417644896703537
-0.8289950109220723,-0.7485427322825605,1.0519476177229186,0.33855287628591424,-0.07334911299426895
-0.5601810401969696,0.21593065466977662,-0.9980606273144129,-0.9379255765363989,-0.5337662111571587
0.7472936051232618,0.2861669242139266,-0.3839712719523516,0.216624975404619,0.24223953254935013
0.6103702654334648,-0.07268744702968993,0.2502002062516945,-1.0257526836402773,0.3167418811285896
-0.020901593964148132,0.2578041248031277,1.9956674897839644,1.1008213984226052,0.8436077551035007
0.117327383308782,-0.3905702992411276,3.109918556005361,1.0613709648731335,1.2702057789217547
1.277664895788425,0.6529230265787765,0.6067230591361827,0.5320061988219431,0.8089621888516552
-0.5915713888358299,-0.30034519274001675,-0.18319661872038787,0.3616610612470166,-0.4260198393943485
0.5470973811700379,0.816496473500808,0.5345056484805503,1.7611881248673737,0.5469833459031394
-0.20219265243389406,0.13625279022302936,0.8876554258738361,-0.0003136726117747121,0.23740612805529843
-0.2176812032272203,-0.1213540809861821,-0.3206676255571917,-1.1818741254208012,-0.2572186371472661
1.09877685198719,0.9582715755937385,1.7952113559123222,0.44947391283230687,1.4585714984728269
0.8254163489880298,1.1078119490026717,0.23007075919140207,2.0860470495371137,0.5914872749707205
0.8135096360006385,0.6856599711762503,0.49774308909139425,-1.0147594931858521,0.6676956938914347
1.305478807154329,0.6579157134988548,0.6659242520544614,-0.36146276669398575,0.7897191224549983
0.02100384163275905,-0.6454161953587002,0.4215866106144557,0.41644603810145264,-0.044719965999143824
0.6819529712949639,-0.19158034589020434,0.8389405004696122,-0.05390484900573916,0.33168386661074756
-0.31026675659345604,-0.30774573047406184,-0.6172531865469232,-0.9823035803773146,-0.4543588436546784
0.3241663524884421,-0.14267292483542052,-0.5583017539460305,1.1218578562304709,-0.18824321126300195
-0.13014305436768459,-0.1585571786765653,-1.100154232971695,2.3200407220172594,-0.4726429686983834
0.09699596499271819,0.07682294494491268,0.4395012306202264,0.19613145902390733,0.25027425655491686
0.5951570254369136,0.5624248898968223,0.7789365035121141,-0.9040682897360003,0.5390099635097618
-0.8182206832334725,-0.44435973064628187,0.4577728661518858,-1.548960525053475,-0.08724515329881771
2.0923872756854602,1.289444459755831,1.6744924333475373,0.2579759812211809,1.7053767979936019
-1.006017381499702,-0.47077148334479085,-0.005596018829046555,1.1038773433162576,-0.4254357152672178
-1.2141886127877322,-1.5948275895708017,0.6687416555925126,0.4751677464953816,-0.5761264338090689
1.1581108735000678,0.10938773984065675,-1.0917008761393143,-0.002403840918853844,-0.10820651117573034
0.7916626939629359,0.3237875691206602,-0.387099702474401,-0.5892716517893062,0.201575431910191
0.6241198170521551,-0.2927874628944762,0.6955377575657775,-1.0921636327180897,0.4251736528664729
0.6283455092642799,0.6141371196302422,0.849102110743144,0.8347513263248821,0.5376960638310587
-0.012246772846914623,0.7592520297483913,-0.29396694766418224,0.9137716213855857,0.052638714270160536
-0.8972543714858315,0.16075374010574256,-0.07159925185806683,-1.5457297866907331,-0.27508458719761236
0.07580455819372633,-0.06881915636824083,-1.5178737466808094,1.5898389781806839,-0.5794368175552503
-0.6771617115121117,0.4067822126689202,-0.3570292008066094,0.5740712208940013,-0.10459442938288863
0.9751197334177512,0.5618935953099313,0.8903831635197862,1.3995946451457935,0.740083182566541
-0.14705738150213865,-0.242071676310089,0.5752050161065663,-1.342127748485115,0.06354710441717402
-0.8254971967925115,-0.7194499301667256,0.5006657213812097,-1.365824155415439,-0.3144712605999423
-0.32138584165299344,-0.3119277640705609,0.04977368718096008,-0.14896930976729691,-0.2502373658551364
0.41293145427562433,0.012377317867197785,0.007063158628176452,0.5027844268951942,0.09569924558289095
-0.5637245528039747,-0.1966541652142435,-0.6603211394734471,1.7963608229269636,-0.4151618491960472
-0.8222203955664315,-0.3308232072582834,0.6988284202025348,0.7060789138151315,-0.17176526230283512
0.2436872114919123,0.12336661582266338,0.4209729443893898,-0.24268127681203333,0.321286765465419
0.24496657110872277,0.34095237042753634,0.49201884799279927,-1.0263692076658921,0.20239299865616384
-0.5069431753711298,0.3418515497076058,-0.5260348426675804,1.23000057271915,-0.31607522441030994
-0.4710383056183228,0.23925791491150047,-2.1533429198712444,-0.9647054257507148,-0.9638202151823432
0.2320499373576363,-0.6264240155461336,1.0971527117536957,1.6284685547723217,0.4880348285363356
-1.4480843414973241,-2.0010027381996394,-0.47883745600840416,-0.28438464960650933,-1.2537413367877195
-1.4074637743765552,-0.23657193156864076,-0.8627757640431206,1.5905820726178503,-1.058445364745899
-0.718444221252436,-1.0426614598339286,0.6934789119139937,0.6789312900592783,-0.45082903024643683
-0.21344715171184725,-0.2191062768022654,-0.3920126399191296,-0.13699548944245826,-0.2831681258872175
0.3109075655980046,-0.42960273023067747,1.0599363840466218,-0.5193963718261266,0.4497430898078378
1.475356216949552,-0.16331211031523385,0.6170059495766975,-0.3409078773460798,0.6779611975836997
0.8576596232020194,0.6995611757034037,0.6835693232004776,0.4283166923752375,0.757350979531917
-0.1599385299634271,0.29960831516960984,-1.3659557112005343,0.07715649621771674,-0.38825538916779223
-0.01901620790268883,-0.29776330431470416,1.2119439853864005,-0.5938114080687051,0.3357846184156292
-1.0025293646378088,-1.7967858283913594,0.26125053123385605,-0.16563141031763223,-0.6458032898125254
-0.01851313599238993,-0.28237879212243633,-0.36927713924620315,0.0785770297191498,-0.4011799226355709
-0.2886586389201383,0.05157268324120409,0.14338846734225108,-2.128734094414812,-0.10426518306058646
0.3227185603380895,-0.5780965042180196,-1.77623523289832,0.4581681147886987,-0.9678116158164887
-0.827230943552323,-0.32193551188658365,0.40865281148067084,-0.9797212247168068,-0.20877334210638285
0.5193465142411723,0.25201833253408834,-1.0293715081820716,-1.153332403205745,-0.18496527096688473
1.5327389130025777,1.056015206301833,-1.3526702858435344,-1.6873443471107104,0.2469682706765614
-0.1087601484568576,0.005410109978647833,-1.5223591862178911,-1.7938924978678903,-0.6337603507419058
0.40171172209894146,-0.285678609391307,1.1126883749899252,-1.3554475031122892,0.38712995072708767
0.6901439917111125,0.9433577466878019,-0.6292633936927887,-0.7090209576304904,0.21932107960123728
-0.40122047188583626,-0.27987502245640317,1.5337277099164992,1.9532591375265682,0.259417768803353
0.22409248181041677,0.09839397115024245,-0.5358014630522978,-0.5258796758952039,0.018748248180503677
0.01259240078179486,-0.46033777914570057,-1.7073579575929467,0.17775010626803134,-0.8476294038361506
0.09767609854883172,-0.1728030763213393,-1.1165244399486591,0.4004813865063287,-0.5180364812155851
-0.7730097838554665,-0.8289062489411837,1.2358116200069387,0.13106518621584873,0.17264387100818873
0.024510174258942714,-0.07421794283224013,-0.15589817793666752,-0.07744346072599365,-0.20149625510157915
0.49799829124544975,1.1048533856938967,-0.5482872964906009,-1.1952937635992447,0.1489818730823666
1.4511436077950417,0.03962123243184268,0.1600182258527877,1.4509275482792119,0.40161470992232384
0.9592708260852069,-0.32714528589576714,0.501782736167545,1.8071966436378852,0.3835636183539017
2.1531824575115563,1.8121763925025824,1.1173988159024608,-1.6826586941226858,1.6797303443289855
-0.7673475628880495,-0.4883356200199578,1.4484992298929262,-1.0240285908863795,0.27666228389655173
0.8723206367206782,0.1016239490303808,-0.35976864578908574,-0.2798103423770061,0.4054754491591803
0.18334200573835174,0.6116233465672141,-1.3260476860820383,-0.9645377949101913,-0.5168727141612219
2.1898029332176723,0.7920936967404041,-0.413465161123276,0.5059655534558652,0.7900564834505542
-0.8082982853551515,0.5088557140958924,0.26028050658288615,-0.7282722024066131,-0.04143362600184639
-0.8397218421807761,-0.0808979854207535,-0.9637589262106109,2.1650560678066024,-0.7203310336535805
-0.5993926454440222,-0.5436520267948624,-0.9571509148950429,1.190548594343596,-0.7877509804550702
-2.123895724309807,0.016706244477848298,0.34378788154988543,0.2125740306322149,-0.5855186584104306
-0.525755021680761,-0.5657349723420497,-0.04865235157045115,1.0269862633197322,-0.1784554553746785
-0.759132661553698,-0.008518644772195494,0.03279699541158651,1.105900424357309,-0.13294686103174314
0.15039378647620763,0.2248431834413498,-0.7584953347000695,-0.5639474880582432,-0.1885074450490231
0.34175597577715944,0.8217486325879788,-0.23040071420576733,-0.8162172445419648,0.3919926720759346
1.8761708392158862,1.7188410179713696,-0.9242331442683044,0.07814306296964744,0.5575574029189674
0.9504238381860503,0.49121399362590845,0.8901984111247868,0.861636124497944,0.6555002008604097
-0.5769036556624031,-0.6651607630042933,1.0352493347237526,0.13906039865341766,-0.1763163649299766
-0.898414671348358,-0.21922126420462076,-1.8461878622380938,-1.5769964821909972,-1.1437073795734598
0.4919191715065057,-0.0928980991228002,-0.92951086019241,-0.8028244439508423,-0.23592816969137712
-1.3202332070206422,0.3465770202529904,-1.496529255090079,-0.07397286359437803,-0.8804227002730938
1.8314587658543537,0.9839970484685456,-0.6500239344068982,-0.07566560432583026,0.5995613616400984
1.179440120721287,0.4070592847045892,-0.08343796979036086,1.9725421767898081,0.30146895060501033
-0.4691756521047048,-0.1422476731198982,-1.44964521969853,-1.385987942398998,-0.6829696111853908
-1.7131345290908775,-1.530130409310287,-0.9218598131253132,0.5055892418358746,-1.3177606549465746
1.3538723741654128,0.19112916782738065,-1.0039573720814985,1.4891131083282896,0.13522294191183842
-0.11453984525261789,0.5429370313459038,0.20726732939894396,2.271449745422796,0.022149869828558155
1.2378163119734618,0.290461016501033,0.06934433703625043,-0.40439742318396127,0.5173700192366275
-1.594427658794367,-1.3206693207381535,-0.7217375533372533,0.4914294527201998,-1.28200063918641
-0.5993750229537729,-0.03136113521324335,0.17682087213939798,0.5697603571986469,-0.15822482384948183
0.005243699718183166,0.59547392719059,-0.5466800845872654,0.19548173155329082,0.014979744101364136
0.046980593764742055,0.3829669522149044,-0.2716551103260533,-0.09884520123930605,0.029431580289063945
-0.45006547147924364,0.27299110716328634,1.673452090298537,0.4359753895000459,0.5311045288466958
0.6228499323474987,-0.06697257811098101,1.340461051790348,-2.5322460852196853,0.7035749426055363
-1.0676204293825944,-1.244715548062219,-1.2995812369275976,0.6820694900626313,-1.3666868195288475
-0.1423794850212935,0.6794770834670967,0.8297324178791745,0.12617790366196718,0.6080489862752404
0.12029563171189886,-0.10119210356511844,0.8113965544915921,-0.22247489677826537,0.3097612782910458
0.514438834058749,0.13180290880185083,-1.1482632887526183,2.046862195719558,-0.1535777982173348
0.7116148780888898,1.0199045099689739,0.8187776437548606,-0.6749340187905523,0.7943137052096989
-1.1246420918378692,-0.28420604121860465,1.5379319184125528,-0.4030759890650308,0.1401607286074207
-1.5341141707356223,-0.5391131993270073,-1.1225448062444139,1.991553302204734,-1.147404812180339
1.277676821898509,1.7213395833997964,-0.9175028210142636,-0.8320613048498566,0.6203211863530936
0.33231401197959165,-0.15560210920027567,1.0176614668435024,-0.5501152829365389,0.38913504183834824
-0.7484865365565536,0.08967679576234178,0.271495310825648,-0.14702542343084998,-0.0245852546664867
1.551151975522523,0.8040825502098037,0.5514762752395233,0.8407344821295493,0.8889156280485783
0.11567463429285867,0.1921334565780578,0.3405892164004968,0.2078025073533134,0.03098178383231165
1.1792971840638264,1.353882805238179,0.39069592092814415,-1.2926253471522626,0.8592009583832128
0.06751848141010895,0.28767711884986635,-1.326472128311083,-0.5321685631271895,-0.5419409926827254
2.060747924881987,1.29952200196581,1.0473177066214483,-0.6073544332122114,1.4303983330711523
1.7553408424432044,1.4139240898765033,1.1695899924277735,-0.07722104522304557,1.2995747030995728
-0.2489641484790735,-0.3069584390109794,-0.22939074406802776,0.4258436586298291,-0.1659355638027653
0.9715709509543554,0.06618064180767452,-0.04347694981386243,0.4182057558879721,0.2848271118677613
0.6453759495851475,-0.199716622217943,-1.5311075025557221,-1.7760117540484022,-0.4965048022880014
1.3686315575323487,-0.29886251592182655,0.5142547560178349,1.063940987560856,0.5922218286690488
-0.9649234605801045,0.5456418346801089,0.5720574417141441,0.2525688459966235,0.19942918232324525
0.6860514599984393,-0.2085784528616219,-0.062191016999311004,1.3845320475939062,0.11635562016435565
1.0584244868495878,0.41858543163190787,1.1243533598705027,0.4441983272906719,0.8157242895377207
-1.7587394864231143,-1.0177763931560175,-0.3340772309799405,1.1013229577357622,-1.1439826178769288
-1.183258512665775,-0.43792590742833715,0.5646059258936003,0.46654531145012695,-0.32911793137431145
-2.0392321777601006,-0.6117474826104019,-1.0196643386921156,1.3462257562027482,-1.2648808582527933
-0.26940683444455776,0.2955333269575938,-0.02355215087423812,0.5222506360177785,0.009122832703445249
0.7175422557959623,0.06723240861351193,-0.17435425790283585,-0.09791524644290406,0.1311760080479052
1.502357052096028,0.6676176691548084,0.22530792204094158,2.2724347204468818,0.8099088823967703
0.07409478041977519,0.17833736545403742,-0.3695269288333586,0.8890371222798921,-0.1333794548982686
1.6286155455712918,0.6899622096938723,-0.1314725956716678,0.5737444210044131,0.6372801716255879
-1.3801014582148914,0.11362205890255062,0.8260471714415063,-1.276304416538336,0.06887379310258929
-1.7033824393551547,-0.6062037438584517,-0.43676423723821745,-1.2883076174635377,-0.8333990284638723
-0.05554769889661878,0.3396650435765993,-1.6065771007386793,0.2927154821418534,-0.5633993910603341
0.3840654489393073,0.52347335880336,1.7495839042054206,0.1455211977682408,0.9119007598114507
-0.03269474809409311,0.5703895546956159,1.3814540786904865,-0.6141225650083162,0.6505669337851537
-2.0674421000398766,-0.9432102706680848,-1.2922626951056186,0.14098269961206,-1.5051621145498308
-0.08912003951278841,-0.6929759937343175,0.6897078052451944,1.5886269280435958,-0.012846374454343959
-1.3044695005048532,-0.4523907743761058,-0.5029747705513431,0.6954024745502987,-0.6526814068103934
0.6696725488300385,0.009157827519104711,0.26348721533105957,-1.1410085097527383,0.2868551719079399
0.36659824609684827,-0.08100921782645429,0.2942241290134937,-0.1115088271429437,0.06838905314839255
-0.9398797863273552,-0.176757883786131,-0.234407800316322,-0.8049664808525608,-0.2519374918545963
-0.5138669173366935,0.3622080770484711,-0.7837656655863965,-0.38769991640856116,-0.32700739920650906
-1.0592135218889516,-0.518970972576445,-0.6905410523162594,-0.41361566562964275,-0.8903661093174396
-0.06267909727317188,0.12307695766289595,-0.9161919154812425,-0.4776455826040052,-0.3925423007996622
0.9551423205012383,1.328678632568238,-0.8318222082304447,-1.2551353719733949,0.3635060409115067
-0.9857260463355437,-0.37248643342348775,-0.06717829004935526,-0.12765468151819012,-0.2638758506177138
0.5040465155178444,1.5528648148491198,-0.7157599891107518,-0.56060763684731,0.21995815763990156
-0.5302576183724408,0.017626013629551684,0.6820520657126199,-2.929448690002268,0.2166354167977759
-0.7928728322623442,-1.276817795709081,1.4872461553359273,2.052972024501663,0.11393991644017767
-0.10703035995455783,0.32315563057498736,-0.580053241370043,1.088769654216672,-0.23004914586934538
-1.035242322419374,-0.32704196876829816,0.23940450053537707,-0.37630072492499606,-0.3406748490281742
-0.553649305347182,0.3680517243677818,0.49968511030293383,0.018819049740598424,0.04056384508997643
-1.1978778925888485,-0.26234827065944505,0.4720022709192744,-1.1716543473175618,-0.26961305471480873
1.9647251329163893,0.9131345744663077,0.07595526791608741,1.6957228778108653,0.8900810219469509
0.03526355197172861,-0.5945173421588186,0.7426824183597224,1.8972886947731116,0.195261830095999
-0.6997255079925856,-0.4543743826393054,0.4822489526806572,0.1566937282465246,-0.04431203901525975
0.213979910734222,-0.3182702717375391,-1.2376624223272978,1.0235306441853447,-0.6011616836940791
-0.11232804969082982,-0.3464257497477763,0.8691560643892732,0.17528677893392386,0.013303779501527974
-0.22096959953322298,0.1838044024436933,0.8872908372667421,-1.3367254388759306,0.3416422978522137
0.6141667000434252,1.1420356021974158,-0.7632861041785816,-0.4118233689636573,0.2509000019976837
0.7575077100473051,0.5760896199351431,0.03793783544760203,0.13192796677195706,0.4401961019422794
-0.5305011476105275,-0.8631921048228559,0.6833289928110694,-0.4545477187434442,-0.17744370335649162
-0.57581824064468,-0.06560778621226965,-0.20931381957936157,-0.218653277435036,-0.26367812592243606
-0.275051697151644,0.46078989474700355,1.0729780477660118,-0.09139955750911445,0.6364571592202373
-2.301921164735585,-1.4558520345274835,2.3638724946193608,-0.08087849786546131,-0.14360954503492512
-1.5151910621985523,-0.824604114435735,-0.7859860326349823,0.05225849049748321,-1.0536698085445875
1.3668742674445247,0.6907812310868608,-1.3810446031537749,-1.060605066396601,0.01485902658830613
1.6449677135012837,0.43003470020952184,0.30381859560487573,-0.7170161491279362,0.7270429265874189
-0.24903603955637832,0.19962219714374035,0.7215625051261435,-1.2845842656999693,0.43747484550973004
0.5765569630557664,0.22780440722399242,-0.23086637384476896,0.9778155496862003,0.1306317905934003
0.3112501545435361,0.3653912992252819,1.4532606633210343,-2.1056469418403245,0.7823172670069883
3.0788808084552377,1.0956943153265688,-1.3386057997232488,1.1535903433169254,0.6686988601516122
1.1195749114345768,0.34105830555558314,0.6929186230316111,1.3863493972628433,0.8252557500538888
-0.12791759148076653,0.2972318831735024,-0.6058608207588934,-0.3021805869826214,0.004433684678730954
-0.9555404406004258,-0.6641867963460963,1.7193779062072967,-2.6031370878272986,0.2468942963421009
-1.6064463202575725,0.06025876548791631,1.9925153531681183,-0.3613105619672905,0.3414271652148931
0.2034636358672231,-0.09808627487368962,-0.7666565877833479,-0.06418416128881928,-0.2713711434978557
-0.7563507452843033,-0.2658330097662087,-0.5495571359085801,-1.0105982199289134,-0.7649086597571603
-1.4222537095976742,-0.24483143886229214,0.8595878869798019,-0.5152183938082427,-0.08177530331758733
-0.6465728842425266,-1.0324693085877792,-0.3871306497895146,1.5301951988633513,-0.6451482761653132
-1.081548003614395,-1.4211784077975853,-0.04541121793223822,0.664927162301741,-0.7261482055304169
1.6871416350725648,0.080742660251235,0.02538842054241018,-0.9245641143780999,0.4693744374057335
0.8816397569494505,1.0721119301883162,-1.9196731561976563,-1.5975991695954321,-0.22018944423544182
-0.007972641316617372,-0.27991539360453205,-0.01383774609423725,-0.3270173176097711,-0.13300400256435702
1.4799441388900259,2.019071712279139,-0.6897277740641738,-0.21345677935043825,0.8759759441323838
0.0773683076476183,-0.24343964550488514,-0.493122822399772,0.4961991873633163,-0.28494651397739823
-0.8612842013282637,-0.33836644906561336,1.4436320034688142,-0.535316712567659,0.4258236384803423
1.5231240772696573,1.5326170149187663,-1.2565068942792563,0.5114995753618614,0.4572058118463282
0.5389100436846587,1.2725014659218907,0.8132051867479773,1.9351540400602292,0.7411372615815826
-1.0372461543264564,0.5121287111549707,-0.2789629303318085,0.8155010224442626,-0.28197503440936483
-0.1903386780836082,0.5090137762547671,-0.2797601684958344,-0.048088507330772585,-0.08146905016262768
-0.8756182533847572,0.07422213621335261,0.7903718960517113,-0.18315047105329468,-0.1437083237127392
-1.382799730964336,-0.3951363908815765,0.34005129456889044,-0.35667313417987123,-0.2374132247148386
0.9261775475316414,0.8522693118491396,0.570612997219531,1.1806409124521446,0.832093510924047
1.9094166404701305,0.6791154620707985,0.9681846605328611,-0.6273134459513029,1.2171542267653546
-1.3985675738191412,-1.1083832286207242,-0.33130838318332273,0.04522270899998256,-0.8680682279753182
0.5629692366905709,0.2797973896398094,-0.6122367345077503,0.05119790188108534,-0.13026646277322987
-0.6506425691218269,-0.41041359582337766,-1.085150526557798,-0.501784192811532,-0.8007387740622243
-0.48712538376469605,-0.4701767165459856,-0.8254105299789551,-1.3724655478841008,-0.5331767646063852
-0.5923939242388692,0.05199676160892308,2.9490944253087252,0.32297450361766816,0.912396618356256
-0.863990769679816,0.04565721944534734,1.2446795807367868,-0.06100397185538355,-0.00080516440070727
0.04852162794482699,0.06846425711833717,-1.3510743662080213,0.5002404694365699,-0.5280445817423519
-0.8309501164110378,0.32328998232211204,-1.3224579567435701,-0.5336003064391669,-0.6954569783268596
0.2704568257798388,-0.43561614417683314,0.4818660617184915,1.2208212988130478,0.15675497080976922
-0.05023810944913695,-0.12194878436442753,0.547264797377967,-0.8767737812118448,0.2401017151585711
-0.23894804686640975,-0.4778851837346073,0.5488838353173644,1.7120402840178925,0.06826414616976154
-0.9075636620415979,-1.387050139557329,-0.25495579355369785,-1.7476365098282616,-0.764489477376765
-0.5767713305683327,-0.329726008205516,-0.12545426000290022,0.43477006455689116,-0.20257776682464376
0.755391225825756,0.31682185872123625,0.3278795241593574,0.47543068252662346,0.30091875694650916
0.5009171876243808,1.0071834654332559,0.08589300629333041,-0.7955570679408823,0.5372455798823621
-0.977555244798551,-0.17337178012188675,-2.219300372747535,0.4243939378610126,-1.1703444202414512
0.09933230542922587,-0.4624272594499895,-0.22979963057519381,1.2795186697601588,-0.3248045670443306
0.751387123371789,1.3027398448529888,-0.8514064342603136,-2.2168188393540644,0.12538845589506886
-1.6694052811213718,-0.22418579279800943,0.17521141890851205,0.5027448074908146,-0.5725869672599697
0.543360192379935,0.5627289479242754,2.98525900260341,-2.4932708203300775,1.459776198881098
-0.6626237589458467,-0.4445539288978393,0.3674816654743044,-0.965664803523208,-0.10981869381314097
0.5705986685931593,-0.1944202840651602,-0.3135296861723979,1.6291663649009451,-0.07401223747966892
-0.7632591565425169,-0.5677329663067849,0.9218015019772522,-0.581782033392054,-0.11621188789201002
-1.804882100664519,-0.3580667404801665,0.4826878872092127,-1.1738799644089726,-0.5169728711291764
-1.6275424378831627,0.1285219340257232,0.4200944904518413,-0.19793772898468187,-0.16980512156107416
0.048084946661381994,0.7956642374667855,0.606850593215671,2.067906338163552,0.49716932996241386
0.25972250172148187,-0.11456346003239612,2.0565435648295414,-1.8316822472060261,0.8482400359028512
-0.9043166251044086,-1.0119670291967098,-1.1308884353259157,-1.0513099116393445,-1.038241020290807
0.6385924587773739,0.38973935284428896,0.47363207681145447,1.4974316831796264,0.627158407643733
-1.6615200622689599,-1.7149797139159058,-0.9263811299815384,1.8577023435377324,-1.4584195575083991
-0.06607979864731657,0.12854395776873245,0.5555126463422483,-0.10343122429028392,0.3724951353673345
-1.2110161997624567,-0.6793093930305627,-0.9186865114860944,-1.2390527025266425,-0.9135226525401932
-0.6518361078021592,-0.5589363048352007,-0.4173668136050844,2.095843501809159,-0.5462203874307765
0.047398671316414016,-0.7736521979751907,-0.2950899142379063,1.5944423917491968,-0.08582197389936735
-0.8604133652839524,-0.17340662935711793,0.975816719344709,0.678946987762233,-0.025383259634297092
-0.38455554422982535,-0.45862819194586835,0.9184544439424138,-0.81240234893742,0.07905808076755684
1.0062928092144405,-0.08181201324792375,-1.2457173764463845,-0.049029340838036735,-0.3441858357049988
-0.5768918695231487,-1.724577041402399,0.054934110999848726,-0.16036008104483077,-0.5732208318241079
0.8356921120651418,0.4040886035072528,-0.7095798547491726,0.33085130461557777,0.2570211661372172
-1.129706854657618,0.321272371006063,-1.2585049106753345,1.451001438131336,-0.5789400312251365
0.5298041779152828,1.0955316962315764,-0.21701705042437042,0.8794170411374032,0.5231888173889101
1.4415686206579004,0.49223618203581426,-0.3084827884558197,-1.0773760769847582,0.4369862786461899
-2.4716445001272893,-1.536928280244535,2.4267164863455224,1.3764964500195378,-0.2684093373223228
-0.7968952554704768,-0.16406049969772651,0.43295982536069616,0.3131321400131553,-0.28221977365558903
0.57707212718054,-0.21065665600387573,-1.3776175007542373,0.6870657958589163,-0.2375350054305164
-0.2030453860429927,0.04937325688823664,-0.5647740041709423,1.466540859278603,-0.22511343259995698
0.37114587337130883,0.5686130758779996,1.0213832954293984,-1.1115802495135512,0.6412853124596036
-0.6039851867158206,0.3114740185842435,2.088442772869925,-0.035825578706462934,0.8804294476071937
0.08658978747289992,-0.006782144503526433,-1.5859833122379583,-0.531454551359215,-0.7077274836803714
-0.15567723539207948,-0.17967549278452266,-1.879924385139045,-1.5678594253654559,-0.8119133690863313
1.1677820616598074,0.14489973745162316,1.8709651753717822,0.3467099776049199,1.1249276964530586
0.2544208433012131,-0.2862297553693235,0.38961417737090387,2.5115565515844236,0.21017071131595852
0.3376026620752022,0.05556188508683771,-0.8682927318763665,-1.8400777445057528,-0.2357250825205468
-0.4118769661224674,-0.02225572965314465,0.5346290861224353,-0.032280611049470324,-0.06148096339483186
-0.48760622407249354,0.21298920108037794,-2.6357477390168778,0.6405429350747734,-1.1291265652373819
-0.4325581878196209,-0.6178685692499829,0.003375506597160999,0.12307820165618115,-0.20889141029448058
0.39445214237829684,0.9435703556689092,0.32782117284308526,-0.1131280525157404,0.5296135779659974
-0.42098448082026296,-0.3460540409314159,0.9242701395378298,-1.2992163634458243,0.21710801144853692
0.2897748568964129,0.13420378127398838,-1.0138959522925377,0.23278674294016363,-0.38291773803330004
2.075400798645439,0.6640945597488077,0.08568716140335904,-0.7567639770159263,0.8534973927526324
0.8711247034316923,-0.7765577784206246,-0.9254246260595873,-2.1899217049785533,-0.4042508184293724
-0.32602353216784113,0.2790109320966043,0.2553837556743171,1.1945922205137307,0.1627478062588268
1.2012139221639448,0.9690289096281891,-0.8953463223630241,0.9583858198420424,0.29608347681863
-0.4080753730215514,-0.3447014650698824,-0.4081008391602206,0.0516609768510798,-0.3200660194578571
-2.038124535177854,-0.985566908976491,-0.9958153947902291,0.22907468820570256,-1.1966625485466085
-1.008086310917404,-0.24607354660665232,0.651136241823657,1.0743180127155614,-0.046631603015615294
-1.8707919210258557,-1.7166688889561992,0.8584511166566653,0.2243396567780826,-0.7055459529025858
-0.35151348404130867,-0.44028308069380173,-0.2346205699574138,0.9040175547613144,-0.43120842325463915
0.0184183791895517,0.4063415294056894,0.03823799496002834,-0.29748220087385013,0.14244455949589352
1.6764373122752827,0.21107394455301665,-1.4485914146335441,1.3119837385739466,-0.06649222900651117
0.32692737376416264,0.310242652965396,-0.29967664800678706,0.3207857259326839,0.03687395314573009
-0.21910052880886424,-0.7878411667161347,-0.05020461704174478,0.19405194360587402,-0.3596177705492226
0.8294055811834892,0.6479177818085078,2.620793091029975,-1.270061088712032,1.3935216878313645
-2.211135309007885,-1.1233883956526844,-1.1119670257741636,0.2869558543017087,-1.6408777806212353
0.23561455810856594,-0.6897586288984717,1.4641772387524374,-0.8319549174944512,0.38261336943122654
0.7708651938869668,0.9678022741720691,0.996858773465808,-0.6382827265284942,0.9396816949964499
-1.4785862457798415,-1.1065889112889453,0.2806364044901364,-0.8153756283161211,-0.7981156898673305
1.143754043206929,0.16675080309627405,1.7586204841951334,-1.066234931899225,1.0981678712161766
0.3384964074944141,0.2695328023626785,0.3721054726068629,2.1247714030169615,0.5212777944309694
-0.4152879139008013,0.366674717763957,0.3891591956679287,1.3313390619884031,0.24338537495134216
0.6327818661062848,-0.19151997643605606,-0.053120653017545344,1.9203675021442612,0.27548445660610343
2.270692857804396,1.1661863538261839,1.2235688824186275,-1.222895019555564,1.5596041041498976
0.18186625505849516,0.30534137769453407,1.0964692338108837,0.07125374991089249,0.7015009656489068
0.24822058630033608,0.47066309678174006,-0.6256772874962124,-1.2935076252040958,-0.10700228312064088
-0.4593608995402441,-0.14145967213150945,-1.3192471945987674,-0.695694877197064,-0.7723790760432315
-0.8498443694647918,-0.608436104274057,-0.20298063739565708,-0.9181269834165748,-0.7925904176936649
0.8303358165442456,0.0013727979477629604,-0.8000385643976464,1.2395840064415615,0.048111705992773854
-0.8560838259088672,-0.3849699714312462,-0.0635245746153551,-0.39622967810175985,-0.24369357106618741
0.07156623721939247,-0.5002863873831073,1.2374381346841392,1.0683793336940164,0.3110414842898143
-0.4776574467651167,-1.699503965129862,-0.45730165508679,0.604120889588518,-0.8614642562429331
0.47897982574639186,0.45776981495202984,-0.04282338131157488,2.303638752104789,0.18850932831580045
0.3336621052869483,0.6187984731865718,0.058022734808395225,-1.479444223139724,0.3472126226131632
1.0375399442578992,-0.6626962456419696,0.8484308822052846,1.259233239786799,0.5643187169972168
-0.510016398854747,-0.7598735517823423,-2.246889333984605,1.1464408704007276,-1.453999916173073
-0.26987493529337125,0.17463966285591326,-0.6067002947652967,-0.9733788380270346,-0.23030684657313086
-0.9787637157823074,0.5393658769646956,0.21128369227947272,1.0071333364731596,-0.074973051905409
-0.4442932600761116,-0.21174977620035185,1.2000789564268612,0.3361449630262288,0.2945581108844744
0.3773004930448522,-0.17535122409214113,-0.49190244750620515,-0.22747625995340778,-0.09027679814923967
0.7569886166453519,0.28704608777025586,-1.876552706041874,-0.8239354869719996,-0.4562309149693494
-0.9221653241776254,0.2263555474852797,0.6197114459661363,-0.7191094514491859,0.028782960038172694
0.8696059201056602,0.11182087049056244,-0.6353623888256293,2.049812095785926,0.018895564893151157
1.355637858804951,0.27822292607734866,-1.1896666590903613,0.000682818957482628,0.11132319200737349
0.41343490322370086,-0.034654309479165785,-0.6243453897132241,0.7821300015314592,-0.09422798174917946
1.876795812558066,0.4617336021496768,-0.18452535765584954,-0.7908993816675531,0.6498070351237192
-0.773789199103573,-0.32555944155438876,-0.6047446645382127,-0.7798529462216388,-0.6987976301219019
-1.244654703311417,0.1900118775790718,-2.205566057099069,1.0819848092499422,-1.2364772448806467
-1.7787202489042786,-0.7278204878941248,0.8970661968871322,-1.3495762115515322,-0.3032688262507507
1.496044311489183,0.6218454046814477,1.2748750412787222,-0.41521376790527154,1.1490865886750703
0.6543656563540577,0.18127719371925682,0.6515219913395057,0.03402741107223205,0.5772547985167106
-0.05558467091045507,-0.809387739803556,-1.1376856704248166,0.11137260184005242,-0.5379148113513667
0.2799686263198203,0.5815392017334896,-0.20149153394751798,-0.17909328501615626,0.2817163417578674
-1.1254890472983765,-0.6016631221555893,-0.006521315229458062,0.3958197810959231,-0.5114383431579986
2.4457519796168263,1.1326360330131005,0.5987943895619102,0.6928557558178116,1.2619352425941692
0.1292211819752275,1.6611643749100442,0.6683404887180808,0.73463754545933,0.549096902947224
0.10939479460489289,0.20407385148528956,-0.7341737987784958,-0.9858038086678267,-0.21646741793162882
0.725766623898692,-0.013012213098246184,0.08199555641356042,-0.2841550979287972,0.21402329622387298
0.4810092317367132,0.02732581776558496,0.4572804046152411,1.1947628618769377,0.37444929613632344
0.22388402427913137,0.6861648667379431,1.4558223221467665,0.8946471875738723,0.8399530734663602
-0.7904744554453119,-0.33860202245377374,0.7045065398247231,-1.372859451481064,-0.08895883338351587
0.4714683571359957,-0.4834048105906855,0.7890566873755189,0.35147990035220167,0.13410184586307852
1.8820244964750337,1.4006267155251186,0.08382662792936094,-1.9782252493748103,0.9243292318567834
1.3454200461549777,0.33863798030799186,1.4104591452035038,0.04693490206036963,1.1170661701003481
1.593186626639397,1.7332422014284714,0.4097627959594974,1.897767016745977,1.3334245299174288
-0.5112156764311852,0.2844161946417317,-0.8610879101735704,-0.9478927172689863,-0.4222275469808266
-0.9896048202585809,-0.718463357958666,1.4033699701251907,-0.8343230454915821,0.08170864194231461
-0.12578692009964815,0.5776147208177324,0.6979032725390276,0.7640297815728595,0.5099574649263169
0.055724912288694604,0.06179021140804895,-0.4430440211284823,-1.542801515209646,-0.22305246496239484
1.0941915184709485,0.973482596796584,-0.47949296739924335,-0.6327550298850391,0.4651864519491066
-1.6924646297148194,-0.6038659062101723,0.2965755451407618,0.5964411375817527,-0.6443179533544087
1.5295503194606137,0.3415968322348701,0.4631847952675847,-0.6342858476894031,0.8331005074647801
-0.15800789857898942,-0.4007788654482257,0.19729226563120644,-0.23596998721097162,-0.07357881816050868
-0.42688106994742003,0.3015398738168706,0.3113086734428849,0.7441857103150346,0.1167662919361331
-1.0121043752601675,-0.6734398536833541,1.6999573745763805,0.42154608353656126,0.09605982140563694
-1.6548566718657693,-1.029252567553883,1.0715431522348857,0.2668183962954019,-0.30591227497086293
0.8231705839619146,-0.0659759976937192,0.19063559126502433,-0.33912227927003874,0.51188390450957
0.07331796718840389,0.24845851639093247,0.9413105807674833,0.37006111526895535,0.3722660078379736
-1.2899608997410539,0.38628200975104554,-1.0325239035275395,-0.12373268009975662,-0.7180891291727708
-1.295078772063616,-1.1813058431589445,0.39792704994680894,0.45780560992578473,-0.5605838171712354
-0.3357846992901282,-0.1557826213086851,1.80930634973311,-0.49693202511797824,0.6548929649131818
1.669021525289393,1.540621040352411,-0.21804589539237385,-0.18256897437954112,0.8197197830066447
-0.2595913513636048,-0.16961637130465995,-0.8476339286190848,-0.9899577925520139,-0.7511189172623873
-1.5031429531181062,-0.5253855784341861,-0.6520888885930607,-0.0350076100062359,-0.7334751654865096
-0.24574306408594432,-0.654068296116412,-1.0896330373423884,-0.8110008636288448,-0.629746011039248
-0.2727235697476705,0.07779176372998906,-0.7847619081277034,-1.1140464501619933,-0.5466790581050524
-2.6968866429415717,-1.4420154539730603,-0.370508098590029,0.25866114785538813,-1.4506307476883566
-0.05429486651781221,0.46571756458102537,-1.405567019178642,0.21273977585766032,-0.2819817552997603
-0.23093453020867796,0.4782257606780366,0.015618333949603047,0.7828737349485725,0.2252143445664354
0.6962063648134184,1.642885003416016,0.9022771737866472,-0.43112556957509907,1.1565022822513835
1.8489560949453452,1.2142946340794605,-0.9077561801469204,0.4080528468367557,0.5382615032526872
1.1265650295477574,0.7261806730649619,1.5192839236417688,0.5507975722736632,1.1718360221217743
-0.26888869055483056,-0.03725219448874727,0.5107920885275947,0.44477380783159476,0.09938198938535191
-1.1065259087416703,-0.7298461007761794,1.0305805856240573,-0.8256536828021421,-0.025855390278848173
2.5733598032498604,1.4559218233557758,-0.6578345538521371,0.1493634822711889,0.8580664257913249
0.05921843401448826,-0.11809148806227059,0.8545252270666157,0.36414029605466136,0.24356820912389113
0.013929291912946203,0.09119513409128024,-1.091933900395313,0.007178466907941942,-0.3042087736732557
-0.024125087110003277,0.6467362242489781,0.8902475008365087,-2.0864776583710847,0.5384461959251399
0.19808476076785494,-0.4042289022558931,0.17183933979353122,0.16048962397348007,0.14473922901638187
-0.14436041192394247,0.4977590746025515,0.5532512199847837,2.212531039397242,0.26016886609944156
-0.5736620068802363,0.3717265302298145,-1.1755946056248516,-0.3600392687569827,-0.5362963212789498
-0.5468589412403921,-0.33246373411573543,-0.8950698422766047,-0.7280770978553212,-0.7140660380018754
-0.03275327021599839,-1.0773040846122965,0.5972282182533848,0.3733485597113982,-0.09338965100477785
-0.543424771133765,-0.5756233791140988,-0.9483480042242007,0.3123782104665717,-0.8629083404639193
-0.7128457826771644,0.29207438194197244,0.46320629209912306,1.1927351654164144,0.010287754523595379
0.10643022769189683,0.041781082696507356,-1.3671378064602457,-1.2578681559088878,-0.6460171159603888
-0.2549772174208553,-0.627139724857883,0.8481742126666681,0.7313802525749924,0.14402692570217157
1.5039929885826886,0.4996090336772356,-1.232523314768509,0.5904220612514635,0.17973021474653877
-2.650969808393012,-0.9051748909442294,0.5522999376795232,-0.1421465369405461,-1.0189497077777976
1.0915068519224618,0.8191202100619206,0.6256309336460009,0.33868731792169,0.9568290666037723
1.246085192497629,0.5035765466639673,-0.6967718184295749,1.0294574815983573,0.49593130701863436
-2.0733902324081495,-1.2201073221114185,0.5820265670847269,0.8723153800284503,-0.7506380008483455
-0.34268759408034877,-0.36722287156208533,0.26044226333355597,-1.1430193120737286,-0.17290766038177235
-0.37144086599579146,-0.646925525247147,-0.5388418561927383,0.8201581867554845,-0.23861360074967214
-1.4075116947178212,0.10393199737581027,-1.008554684076208,-0.06468860503251848,-0.9263926326633376
-0.7778166875908753,-0.5500685784011076,-1.962625691672579,0.07287409801551539,-1.1814052097797167
-1.1105758454658288,0.05329133767983385,0.3496500472996937,0.0731969910016945,-0.15936310615272864
1.7522704434236227,1.6367932476730371,-1.5648027713620551,-0.15024298879825998,0.5253127608294172
0.9356783931474612,0.9669946456477108,0.0953441994413082,1.191707497107065,0.6449134889277537
1.2715550949941588,0.41996739113805515,-0.2634482160822491,-0.08371795984921201,0.35221406982791936
0.7216720640432351,0.5627010771899223,0.6791427754381955,-1.1195461283831687,0.5618506155064298
-1.1290517712172292,-0.5766236888040727,-0.3020454994898642,-0.39352985596972884,-0.6667030198269497
-0.5245202662797737,-0.7141110635049509,-0.3294477863470914,0.1786947168104756,-0.6040612495687684
0.48937456122791806,0.40686692147476056,0.7318707042882956,1.2292147842970504,0.5664032585045902
-1.2221278088919454,-1.200583800025874,0.3350580290841175,0.6030946849488336,-0.6492098890277475
0.7129984301723881,0.9503389093169758,0.3161559571827783,-0.8505352787470439,0.4760598053909454
-0.24032539815813503,-0.35247134772826405,0.46926758980852623,2.4851899166788916,0.13538259099498118
-0.3748208075495975,-0.08683057583837911,-1.5355721232071058,0.2647753109779796,-0.8024915166421392
0.7109599682034915,0.49712391987481686,0.756788679986982,1.2753907379990148,0.538326957920754
0.44426331148603976,0.09267916889098121,0.6124687940136023,-0.15171443357722914,0.38924434826979304
-0.3609661658190799,0.1128638178280974,-1.0166831285764972,0.5333592447054494,-0.4742667992311278
1.159329803364248,0.3422130733708618,-0.2440804736742013,0.8394685045184047,0.17818400099294904
-1.0810633275998973,-0.10488301507132658,-0.039307287627631186,1.218194711754256,-0.3383420511398434
0.6159356069442637,-0.3650220366512424,-0.1344967844017327,1.057368305378225,-0.08324039954181316
0.5931012579683838,0.3597404187573978,0.33385996656853467,0.8721970000729778,0.5904993705642271
-0.3095464393139903,0.8146912798721473,1.4313667818311835,-0.3150867311941086,0.7764862161075939
0.326133022242118,-0.3370991511817284,1.0817667276728287,-0.5717460419560614,0.3894268533763167
-1.251113576385303,-0.9644292734550772,-1.3122191934314063,0.33260751032419755,-1.2640673093564114
0.924027019206901,0.718967434432908,0.6220699903060487,0.9331280723410693,0.7312295614579998
-0.18490213644298903,-0.002660177251695539,1.3289333195354096,-0.22272070077660705,0.5365837078640875
-0.5227230205190395,-0.08604646062274016,0.38680852068920263,1.0651719657143865,-0.030456848925372773
1.0490092258368893,0.7690981779922764,1.090980425185967,1.4526167454861794,0.9601085105094508
-0.7043436905427592,-0.034811110990494665,2.012270445700765,-0.9163209190734197,0.5889987669021195
-1.4084612963635597,-0.14938072720366824,1.0237095461069814,-0.8369207037962799,-0.11825468175107123
-1.5566291735239037,-0.5734052582976956,0.24930859564172886,-0.14037505890533644,-0.5736074839740919
0.6060099513456396,0.1823761483635486,1.0450884740847535,0.3076126681891964,0.4459719756561574
-1.280429352496283,-0.3039278256467759,0.14488783309689118,-0.524567013767051,-0.3199793971189244
1.7547941819843647,1.82733805843979,0.02390304328495547,1.3522026788671444,1.1140806674734047
-2.081929407883722,-1.107281577133148,-0.35141423571373254,0.4240668615184512,-1.174674574193897
1.6964563682900382,0.36096353180969837,1.5634133588321082,0.03944704824073949,1.432464811698288
0.2110174672026184,0.6590490682447956,-0.8184286659420014,-1.4359095238685275,-0.05764985770333777
-0.09671311187039239,-0.10854713791199531,1.532367724678116,-1.3158158164275071,0.44775465773901046
-0.5449190868089497,-1.358794316411493,0.49986412374037137,0.2810092502818063,-0.28549462932293845
0.39913611435207086,0.6232788957512463,-1.3993061748019415,-2.132595626154836,-0.2131931452388553
-0.037634702424848364,-0.28648144418938554,0.3676492929914216,1.0126374096440718,0.0892828717607204
1.1033018820165215,0.5063842998561804,-2.100026507651624,-0.1581538443723203,-0.3996803089639982
0.11422764866203965,0.2231039896155271,0.6255080168310357,3.2430929695947333,0.3964522705934878
0.1503017614618776,0.170400720620472,0.885231482988991,2.3079162506161106,0.42412750879819183
-0.36361221221385587,0.1729198024625918,-0.5923559556520536,-0.18144906924751675,-0.23855596002161644
-0.056945623721067457,-0.2462159971454554,0.12354769595558233,-0.10633700253131496,-0.2320238532787878
0.3078017688920592,0.4104537835340709,1.9541574337502863,0.9955815140020298,0.9537522929300347
-1.7101683926566256,-0.9848575351202714,-0.5057467042619367,1.7031726099180378,-0.8385909502570242
-1.348185422105713,-0.304687470609105,-1.0589075870566005,-1.6380290574360168,-0.9961316481771157
0.743264094022715,0.6793157890178843,1.4816634024625988,-1.7863754653546866,0.9590554961479005
0.17086543812794186,-0.38228663195832674,1.9625871905307948,-0.6220348055543814,0.676812384218205
-0.18398333635267913,0.45099938991117655,0.0036956718478473255,0.5827375831738644,-0.03989752878217616
0.01843393306539316,-0.2587647560243274,1.0114630354083562,0.4968735905075971,0.11165788965283704
0.34758170536167105,0.5778197518214081,1.341475915530881,1.0697714549838502,0.7911521635149148
-0.5397596803093615,-0.08623618345401043,-0.742484232538384,-1.1996975283653082,-0.4712065097361995
-0.7783047254023127,0.5299394756964049,-0.4853058353678683,-2.3161438629688766,-0.2738824159127849
0.19584525509768155,-0.013810363637085293,1.230874513154735,0.8580141953021454,0.5324724165052842
-0.978372777615032,-0.6638447868666147,1.6850142787085094,-0.8281962729652346,0.18564452922394858
0.40825275571447184,0.1944165749133696,0.5628808601743548,-2.018487864388638,0.5082372904131708
-1.7025836042378404,-1.0028816935360578,-0.8798143535020543,0.14506374595938162,-1.1826099493259128
1.0291556373256436,0.9145487696338468,1.9870611116994412,0.7931756882186773,1.3205275090588966
0.472597482413043,-0.5718565630117725,-0.5309708978119645,-0.12205713212127726,-0.27027863179321326
0.25602973431387566,-0.3988263424162392,-0.33513778117145177,-0.45784838618248924,-0.11895941892361217
0.9826909839455139,-0.042555968816839596,0.34233783448962146,-0.15936223214590656,0.5601783261887758
1.6654744444625766,1.307891018218076,1.5541604207147741,-0.37058276240078286,1.4508594331731877
1.0143700650181304,1.3624917188000278,0.8539759765522237,-1.3480471119401671,1.0645423044692253
-1.8408742313316453,-0.9726617249345584,0.41486550036191044,-0.7146806769904318,-0.6442788425415009
-1.2795769667357015,-0.7241993449628561,0.4632885301181062,0.5212799050138145,-0.515075282135207
-0.6248185776956788,-0.2773832072912487,0.04351466864346608,0.3216785413765001,-0.2512129513174
0.026091050210833786,0.5939846764095121,0.5581395145185063,0.16805980596682024,0.26271113805929674
0.517659020469123,-0.20484705686072552,-2.529560077694303,-0.9951484818533795,-1.0948854723691421
-0.7257438131534656,-0.24368741520934023,-0.29660745906979835,-0.18150316213566714,-0.37279771134753537
0.18676676447707832,0.5809821971297541,0.241321934916781,-2.1770650464428547,0.2884659883156838
-0.7553829323533225,-0.12714438120673865,-1.151014083619507,0.17847666388538974,-0.7049357867536993
-0.6115178029919482,-0.21096809319660242,0.38632331781156,1.4288577078135674,-0.09400593943277619
-1.4066610968482223,-0.20280750214054055,-0.20447122098612153,-1.4741321320421057,-0.6622690729574572
-0.9232332461109043,-1.8132327695550707,1.75547569831549,-0.5859276733177553,-0.12327495557003004
-1.3516846056163336,-0.336904643042713,1.5730197252148563,0.32910677871012955,-0.0006790150132569422
-0.9758732529773327,-0.8149744680523783,-0.46580556911816284,1.2528426344274837,-0.5844793081560383
1.0536417966078395,-0.3884955501243087,-0.15083771156669531,-0.4482246163001494,0.0036117548323847115
-0.949398888831943,-0.21909814465348115,-0.0739475656083926,-0.6922503292658964,-0.3997066633858425
2.632382064837391,2.0030203050001743,-0.4516594761596227,-1.9689231424160831,1.1057297616826958
0.4933179008808892,0.17793469312659868,0.19502498402812674,0.10343812930810638,0.3364278891495766
0.1848361236948739,0.5688553354489063,-0.7582820688875902,2.042076040143744,-0.11034852694005232
-0.8583577801812136,0.37696023890371594,-1.1306153349375263,0.2773584619646759,-0.6485320683203808
0.7003098794089914,1.0076121664965194,0.6227112239002686,-0.022278979183713316,0.846781257836916
-0.5756378262377739,0.5321633515668095,0.6295295842218108,0.32208231076698546,0.24171255045519024
0.12200981464536144,0.43206865285862683,-0.8043157596599924,-0.01109200394860206,-0.10383831901920379
2.5600845382687947,1.3177590885851937,0.8953554307625996,-0.8130143722601298,1.4233626667094899
-0.09605989972464987,-0.8490128558109091,-0.6315777291653314,0.8232799156777053,-0.6766346127195509
1.1492733262856758,0.4516054190778636,0.2531652380379812,0.2257615231117544,0.5922505150282676
-0.7031764251258874,-0.7732115102210395,0.820344012612456,0.017613251933657315,-0.14666341110856868
-0.0349884904969617,1.0679771135004261,-0.03361256470371301,-0.97536602727825,0.35909502826494855
1.77080063563551,0.7974574116015867,0.4547409121411344,1.3035079319347591,0.9443829337613279
-0.6269670577877674,-0.2518811255016409,-0.5164296438875717,0.6647027453331099,-0.4497187786183882
1.8124485579969287,1.181966967018698,-0.19646658342809717,-0.552920837367302,0.6573997711393247
0.7077519354554754,0.37567719091396456,-0.20585943088034037,1.0018248536819372,0.43152865952012154
-0.5624667758942676,0.5662921322682427,-0.7465783465402389,-0.49757083838520716,-0.3139079302071063
0.632407739055521,0.004879188660534495,-0.1767741631157821,-0.782003492511037,0.1902351101024237
0.9725544496267299,0.5835809524319863,-1.5486182988637467,-0.7597031174802871,-0.2362158659498465
0.6218099622171964,-0.06033031174042591,-0.4911537471421047,-1.7710685530880912,0.0027833865079233584
-1.5702247198904564,-1.445123615555581,-0.28487549336967083,0.47154238041820573,-1.148839174334154
-0.7271371758248686,-0.6694531333650771,-0.2561797524953801,-1.8311448783383502,-0.47624220992916866
-0.24751863555150475,-0.1422777162999584,-0.24149744587077882,-1.2284438312657626,-0.24913529234233375
-0.07443342910004629,-0.2518678268086531,-0.061764199860128925,-2.0755880090785332,-0.11967700632310463
0.620672097550678,-0.035874441161589,0.4794415180860639,-0.08606969279089306,0.437013307164162
0.17770100093325383,-0.61430823136929,0.8745170741325226,-0.15032046027187207,0.09557062940017015
-1.3353443587101013,-0.709224965669398,-0.6497652268482671,-0.32669621318636405,-0.9417260611144365
0.3801978510059632,-0.5622612615125195,-1.2032008553891445,-1.0425776946705763,-0.49016693719894816
0.6105857452838231,0.6853208544867129,-1.042044412243103,-1.17223375343664,0.1817763624885943
0.5597904479310398,0.3211151004327716,-0.48720292119492714,0.46436986354657417,0.055582262565024354
1.0807807255546218,-0.1883853869551544,-0.3519213178165091,-0.5505519317084877,0.18606368624562983
0.8339221545489041,0.2623565387495203,-0.7699960661974573,0.31635832153614474,0.010188034524696297
0.4591800792284367,-0.14648816318107324,-1.2961166642498945,-0.8852486861242225,-0.23041453141011883
-0.07016571145864703,0.1245043994802667,-0.4561208274741882,0.18106274277108234,-0.340868891279715
-1.6609609335159914,-0.16025524374642341,0.18142662011397137,1.3032780373160637,-0.46433210066620006
0.42961821913258585,-0.7227771252565793,0.5950294658355647,0.5861658003927833,-0.012490288859178245
0.20768768716311115,0.16135688315526414,-0.5574230531083212,-0.4124138182164804,-0.3629130072014876
0.27157883719537346,0.05572302081436653,-0.41299782214343406,0.25719897035592737,-0.037262366142670006
-1.2767485758203094,-0.3027042496849219,-0.9266983088473107,-0.24066517453021302,-0.8305653915757478
-1.0810565404082624,-0.4339299560852866,-0.03143917037477642,0.007880184694728152,-0.4955553108721954
1.0531528533329035,0.15059176079704223,-0.8484286341908146,-0.3256110521485036,0.011132521558682523
-0.03955515385665504,-0.1793045447616366,0.5731278132412001,-0.1643352058853912,0.47342315911811833
0.6815006973726244,-0.057262579715432305,-1.7858664919341112,0.21209335307417523,-0.5528926752796304
0.028318376130461172,0.5521627573645297,-0.3596296724524624,-0.9933586995819507,0.08130490719251976
0.02975613949574519,0.025533894083843704,0.3011073391917421,-1.0158788269899783,0.07209346378918541
0.9382838059759977,1.4197372458645026,0.18383451632250436,-1.388542553831211,0.8104633795852121
-0.5160447282173739,-0.2883527710159973,2.6930336639804966,-1.60027110450371,0.8120708483166256
0.09612077694098337,-0.30614299498473974,0.34980002456790754,-1.2172826922204794,0.0358614961410631
-0.4622752887050425,-0.9879948406589348,-1.0040545968420103,0.15946250680412918,-0.6548130243259648
-0.4344962274323156,-1.1188179518441304,-0.09546424708907303,-0.8927875154918841,-0.38646145630012907
-0.30917212346863937,-0.9466540332370645,-1.7762463334664518,0.5136144642310962,-1.0735717156583688
0.22213377163371284,0.24463021132259813,-0.08059974929676088,0.03471374875256186,-0.12263189842620778
-0.4787486216634773,0.014988200783228267,-0.8330560570007587,-1.9685042134380537,-0.5084514713896352
1.2557561255735208,-0.1627172882293063,0.9153902755601617,0.6549755842216898,0.9643705178678373
-0.8946073022195039,0.0002155059283057703,-0.5495402745955349,0.8107986455917099,-0.5111998153895442
-0.18687164416135904,-0.33496634792239927,-0.11676591579524663,-0.9938626748348534,-0.09293600673786033
-0.4397310582741749,-0.14646902314431276,-0.6355578414044034,0.4201915428949916,-0.28588892079204764
1.4469778843537329,1.5295992563045786,1.7388513518533313,-0.856498237409199,1.6104100745244232
0.19655477651157463,0.5466970461885533,-0.3212427661179117,0.0976703767483354,0.010296277176058466
1.0318445394686349,0.3816569457814013,1.8325570434792018,-1.2644984069549656,0.9135420297884027
-1.485560373036972,-1.1883762992261298,0.8141517621182666,-1.7931064525345768,-0.4081039759707284
0.26705026586925884,-0.942382567730023,0.48206672733538614,-0.3828171896129687,-0.09124859990642958
0.889630795623437,0.08523873819050848,0.3687331473175197,-0.12372894627483615,0.45756916425996075
0.08228398927542419,-0.06442312477613513,0.39379729821625153,-0.39767969361460404,0.037895144677350945
1.0654803750653512,0.039150423957083624,-1.92767257934561,-1.1840305582225594,-0.46620354607853387
-0.5172884501003722,-0.32427270859633844,-0.2788833941507565,-0.3998990621311371,-0.36064979977921047
1.40934744018558,0.7430996615721741,0.8451579711843216,0.269294752580734,1.0106566771054846
2.2988981236192503,1.0370210709055858,-0.04889718347410554,-0.04489303012253698,0.8697346662325671
-0.36283856043965906,-0.5064205706315594,-1.405189846803575,0.1825010305992134,-0.7031625831666602
-0.4455025214007718,-0.13842392471702206,-0.05240445057746945,-0.6701152004542329,-0.2558291925395231
1.453384477117701,0.9476625633435549,1.7041055162554912,1.1717179147161596,1.2345093725952487
1.5795721457307124,0.24458653414393317,1.2468917155347194,-1.1761733365547806,1.0351019481799353
-0.5228600271532683,0.4440361762965009,-0.062004009366031745,0.4875602970867186,-0.0450112281007969
-0.42018681709585726,-0.2593874746900595,0.9514492770580866,1.1818910929599615,0.19276636660463561
-0.2817846088605072,-0.13146749295782978,-0.36650702036805183,0.4809080927488954,-0.13436519832421387
-1.344450511034277,-0.31811804388885995,-1.703871586826719,-0.20252422706483003,-1.2039640848812145
-0.9186519464841982,-0.34271790761034826,-0.9244659881295544,-0.5282970466629792,-0.7601593139170628
-1.0041407667520679,-0.025502066419411384,1.5628887685081978,1.036087651046256,0.2059442193285261
-0.7677975651041284,-0.24033669995115212,-0.2739930818293042,-1.422974925261673,-0.32998216195951613
-0.03468488738678118,-0.32356113101360956,-0.24338397937501807,-0.9701242603796436,-0.1863964908623141
0.23421473253652075,0.29785912887131116,-0.29983819627488056,-0.3975577654917214,-0.0023158928170189247
1.5505004928140769,0.20338714274670755,1.904136589573007,1.2376537575119981,1.0973534571508916
-0.998354040738791,-0.4448971674811339,1.6259589153620633,0.37976763604089603,0.3618494231843567
0.9843223984765838,0.4755462039160615,2.218780233448134,-0.9680457585102453,1.2027046776514414
-0.21398884422550896,-0.21105285074902433,-0.1590452104000513,-0.31030770538490365,-0.2502583935893511
-0.04946370965243295,-0.08900061054568184,0.29562448874709507,-0.6143231440962944,0.11254495054700392
0.6748194921666038,-0.6035147766655177,-1.5166425494207911,-0.7097889922335351,-0.7049213979796594
-1.1227220215622986,-0.83572346465163,1.4769344261182744,0.9788895585567792,-0.14611085324218306
0.3824097461840506,0.23762732366258266,-1.167779551267935,-1.3717431292635056,-0.49349545782325055
0.1664522082130561,0.16315430010522824,0.2167755637626291,1.6087808557343735,0.25769187329110055
0.4924512640081491,-0.2676119384589045,-1.097302527632844,0.8282296901846228,-0.4259878378609965
0.2891686439078181,0.7774382423862594,-0.5888668267386961,1.090861670603698,0.3771623444400778
2.4553001399108942,0.7945626458481967,-0.8372624310497003,-0.4629395120252583,0.5406183567447598
-0.637739984251316,0.16585860813771042,-0.6078752606758179,-0.14994071907910936,-0.476859619447301
-0.5309969550018176,-0.051901296565066396,-0.5391227031489786,-1.433151814524712,-0.4470578537581968
-0.6231405264247644,-0.6346839181342837,-0.5482687949250771,-0.524662407066803,-0.5723413858238963
-0.5554771191602547,0.6099168867246287,0.8333339117803071,0.4936548476431509,0.30264516110290396
-0.6373871273065177,-0.9155119795314989,-1.10486279306252,1.2960630617813962,-0.8465816278761618
1.1890165311075518,1.0540853523587765,0.22054142701386686,-1.1071568168024517,0.6632882968465799
1.4205042479898549,1.2105432830164164,1.2179591523055584,-0.36550593698526584,1.1383387483777465
-0.5707462937494763,-0.6206832514130606,-0.513196364513396,-0.15129922023252232,-0.7425288832950302
-0.8323555731042287,0.28005486348005004,-0.7179188907476018,-1.3957892021924851,-0.675215185980014
0.4714155563864041,0.11068452089372566,-0.23052462518025083,0.5913492417584003,0.030613271164432902
-0.5522230442809712,-0.1317647075005571,1.1797252083607102,-0.7239903317426091,0.23659572657050337
0.6329318177555108,0.44662682826336575,0.1941076309533577,-0.19539035117702397,0.33836694343868773
0.2029230208512997,0.03430713969037595,-0.5312142946075985,-0.4519493719118777,-0.016976089961820512
-1.515744114997232,-0.3524679209187249,0.48387665118803974,-0.7893385057196743,-0.24410992933875758
1.5475052013300616,1.1704969609411373,-1.1022921498364233,-0.0070449854805546995,0.3410034900023401
1.7958776730955217,0.02367284992867047,0.681359510442948,-0.21560957856802238,0.6390168497652406
-0.6127886904843862,0.34577577619688316,0.4086073077017676,-0.37185788227866556,0.02666853798895087
-0.38770155993598415,-1.0250967739858292,-0.3078084711388841,-0.7284616216803428,-0.6069450280238038
0.28586539072490497,0.6592057975332811,-0.838585798447231,0.31952467078295543,-0.11762645912924245
0.334456789987025,0.7305809634073042,-0.8866809222834573,1.653617268492285,-0.1049329332849087
0.6585442726728304,-0.2162110787711839,0.5348173363459102,0.13988723283912738,0.2812806031363773
2.0102045387663496,0.7996951254058824,1.2289805024890619,0.996118214911129,1.2959079386575183
-0.1769472274940494,-0.6413259479899925,-0.6373077470287948,-1.3902219251534627,-0.5639591613382862
-0.7982972445384537,-0.5066091374135946,0.45838670355148425,0.15776143929376948,-0.18728498230246154
-1.3793192280145272,-0.8436767561001343,-2.0870270186020687,-1.0973683189710666,-1.46567273108474
-0.7309300399419191,0.024365246163710386,-0.5846177306571996,-1.4769249275319014,-0.5368810391145914
-0.033126972873797095,0.6385908866229056,-0.031058932870901952,-0.7393714074590363,0.29632213357707515
1.7945578635177877,1.5951208371538719,-0.9096834169818336,1.1918993344135729,0.5550240132247031
-0.5176112990361714,-0.5398896628072367,-0.936506374789596,0.9500158286696456,-0.8536328998503946
0.2237879516388985,0.0072830389471853635,-0.6677795564688862,0.24300472205439969,-0.1597127182752242
-0.016422896072752075,-0.8499305441468512,0.29219272832637316,-1.5327005598899308,-0.2247697541767657
1.188393273448084,0.19126160347594762,-0.1873290184063747,-0.1962806513879368,0.3710940027903984
2.5269324258736217,1.7458920294855396,-2.238231233324972,0.30170000890173554,0.14618798316770643
-0.5308687729203206,0.5423570253139556,-2.120700152635066,0.1755362295785979,-0.7055879911876294
-0.48943944251822213,-0.8618941571990721,-0.6068651778571754,-1.8437935834807457,-0.5809168102540182
1.044160877069072,0.22584830895808888,0.45768658605355206,-0.8903178480198718,0.41402973531326887
0.6818914896263114,0.3277428663336922,-2.7475048427252347,-0.06407776414871663,-0.9439893426867213
1.8467073257360336,1.0634342422778202,-0.4997301761516306,0.5362909095171899,0.8403769903532565
0.5839281853259639,-0.11283766729784112,-0.5262478565174211,-2.1961278210999464,-0.1429099775483275
-0.35929209078705954,0.032384476838515086,1.3883377782084478,-0.16212397547985843,0.3738443422255535
0.5906548306923093,0.05840774181069658,-0.38502181171286365,0.14304876987895235,-0.185895162349172
1.1087035805829077,0.5471256548523143,0.38298898474092846,0.8496119885162131,0.6148665439667825
0.820482181197364,0.6833832146005319,0.14125714008746323,0.6928575842374367,0.4848905132907788
0.5072740311072977,0.2568481504591178,-2.1305664798072006,0.5825713188088052,-0.5514406277760072
1.066674689589154,0.31514439953129264,0.7682072166317373,-0.7999405067019342,0.5819207705703813
1.1692955904456728,0.529842893259921,0.21539650545628794,-1.9080021371233076,0.44387146807013234
1.3821589910375272,0.646898015916096,0.5082686396745896,-0.39305275706140097,0.8571208214335704
0.6487098875896427,0.13934942885375748,3.9262377064363267,1.00163182520856,1.9075858846302571
-0.16711808031685435,-0.21295707149197834,-2.0841129394985884,1.3934545275244314,-1.1047829564538736
0.14671368643332283,0.8726804284690199,1.7246966497611085,0.7105491022977853,1.1038483030051203
1.2065089665083568,0.8837142072247978,-0.28744751940035557,0.42934082280173436,0.5158421285084862
-0.8169356709872361,-0.5562079945081982,0.2873289044030093,0.3796396483859655,-0.187831003979962
0.3686733088729012,0.5328138566918184,-0.04551224530124217,-0.5561187467607805,0.2452192153971573
-0.3933388123273607,-0.3635791510416853,-0.4242363333980435,-0.13006029355362003,-0.6489977141187262
0.028744822934817487,0.6009347302607294,-0.5698329282387588,1.669069525826331,-0.05422604356844332
1.2784518626072987,0.8240470274026963,0.32950873557300914,-0.9425580057918763,0.8685675430993292
0.19109906801990334,0.04189846200783723,-1.5171736966716791,1.6147787907098514,-0.626344821568721
0.04643654815614881,0.2470767369832132,0.7505791675217656,-0.3220281544920584,0.3494891556597696
-1.3598561409799192,-1.4653661465242092,-0.41619440488525394,1.3254321090950785,-1.031657798560438
0.7462535660272207,-0.1902569514412923,-1.1300693390403578,-1.4068150094975382,-0.5751801392272129
0.6454841811410754,-0.27422041262899,-0.4500128579958137,0.5859042011646491,0.09850874489904776
2.16325472330546,1.1530989090345836,1.2571492168625729,-0.736770135947622,1.4076282084573246
-0.30777823495300083,0.7123683822660456,-0.5353350870162231,-1.4152671919241875,-0.04218344736529595
0.21915032766393897,1.2252252369282857,0.35845361820962024,0.21853404241094568,0.5680240030466946
0.24938368371075526,0.4437173925757562,-0.7309562757154733,1.0094717885959688,0.041309718235700094
1.5774532797634744,1.0391488773539657,0.7579218499236196,-0.8449414385934964,1.128754999347488
-0.0952955323869521,-0.9481766332698456,0.6855077387902041,-1.4990159604584012,-0.062330981333055126
0.27902152577033923,-0.13182613698184126,1.8486088332964115,-0.09184476433495513,0.694250640703186
0.6078965097165392,-0.08994362109584986,-0.1755639454992155,-0.08743532877718108,0.16494535852473446
0.1866091231563581,-0.21711923754737894,0.6686548047579066,0.5483196275544987,0.07096475719039472
-0.44643361455052827,-0.30728871656765894,0.09806753953894455,0.9495945713644882,-0.12230064149228906
0.19408999289830758,-0.1390002923994099,1.2958717818630143,-0.059415181272494094,0.4249711477393878
1.073631749859772,-0.45283403025800784,-0.7188323876087304,1.855503314794263,0.02393472703270111
-1.0265152994110602,-0.1393025216467632,0.7450053128772811,0.22423474453529177,-0.035613266900165086
0.132969674146876,-0.46988667579646526,-0.19469729611668168,-0.3464265060068996,-0.11454164215653857
-0.7001208149391732,-0.23043697541401184,-0.06418817710849775,-1.611567359102828,-0.2966437265668827
1.1950466289248425,1.634564649337408,0.09175248444837286,-0.26265952031616774,0.7103466677439245
-1.5231869047837747,-1.2212857481850992,0.2522403964266774,-0.33638694541113623,-0.8085185536595251
-0.5589218472715883,-1.544604685008959,-0.11622904312195817,0.9603047962814704,-0.6103106431718093
0.37721187506452086,0.04560382659220502,0.21471318317052634,0.46248362406685406,0.2293955655012127
1.5655240292343404,1.3332418321164559,1.5781180575621845,-1.1793691216326172,1.6189759719606798
-0.0657502610729878,0.946298596573803,0.9854496856152184,0.1722543864110375,0.698671831200049
-0.5551995266931984,-0.8923745605728076,0.8691545924968965,0.6715311717290534,-0.1832805782513091
1.8811570694405901,1.188928146338556,-0.4555395260238707,1.5280313593878327,0.659203340552132
-1.448013900416244,-0.9566621785981486,-0.8892408282283243,0.8875039674140593,-1.0668074159433236
-2.198805956620082,-1.1523771554621087,0.9553005582377528,0.7608466543114778,-0.8546391169295666
0.4400144500533324,1.5421788985351836,0.8760467925297942,0.06008599461516361,1.1124209101507712
-0.5020542243526112,-1.0025122763738823,1.472670675750982,0.3883120054234496,0.1818729937202005
-1.0212328171307132,-0.38374657781806987,-0.6039806259692295,1.2495049007061587,-0.5403826091674395
0.7083564472993533,0.5880248095323932,-0.22954865536034708,-1.3327773974796497,0.13903452082446818
0.24380071377119883,0.664793519355273,-1.6394841625254342,-0.3494393272169559,-0.2587588790367066
-0.5640786307367284,-0.23304773863291647,-0.39247110606087293,-0.7725687487562407,-0.17297646213246778
-1.2803043986708944,-0.48612692958339604,0.9965705105794472,0.3791531187261241,-0.26338902978224
0.8724573282801447,0.24040438042917678,-0.46649537922819795,1.2302221756507876,0.2244005404118939
0.650201177958661,0.45966405960188417,0.6404797952008238,-0.5969742867210739,0.5892624838172223
-0.09917586377938291,-0.2211840696383967,-0.19050310599781134,-2.390304367469438,-0.3267526072492829
1.8466369960476658,1.2341044429518584,0.32405702822156063,-0.41222074502447015,1.1031336401736684
-1.0700847663261526,-0.7198475511848933,-1.1476913898156673,0.9134737320174066,-0.9126959306958459
-1.5255251709247388,-0.5742123885112762,0.08520944963390106,0.5376299029498797,-0.6559501432441288
-0.6919080698812444,-0.3605854417831114,-2.9911359709007233,0.4281862478105761,-1.3956107898340737
-0.045586016355497805,0.5402321172083352,-0.18689615816198485,-0.27999330187447974,-0.09304097368786253
0.24333944932269183,0.0959728628671028,-1.6304732437151401,-1.2790307362197864,-0.6998712184740822
-0.24123605785632987,-1.0071342630316056,1.205994516546816,0.5152943216244674,0.12154644991122111
0.3520553965142968,0.8069884486141442,0.7774073527645112,-0.8342818100346248,0.661214622441564
-1.251539424190444,-1.0786358625265315,0.46667098196608103,2.184096733380456,-0.5840415420710707
1.4437646040732595,0.3949991327122198,1.52100622715938,0.570507208354516,1.2409910554965844
-0.0821511783925688,-0.33890623621803045,-0.9489165208248372,-0.5806483025539511,-0.4527944012915198
1.1172958315881276,1.2458669623794725,1.7473631979155582,-0.6113852473886282,1.493708024449905
0.34272534637770413,-0.8964744338004957,0.9321915642603847,-0.09294420661358828,0.19443825594208966
0.4567532191537839,1.7972508764068889,-0.23655528721894603,-0.23950192202174977,0.6418371405784574
0.5697672802322039,0.8129120446491278,1.1356201471829441,1.1168337755299542,0.8244868260345778
0.44770856001731496,0.3354737370732373,-1.1062935124116342,0.18641616974404632,-0.0021808468288284644
0.6427227598675439,0.2939143796256288,-0.8245141615276735,-0.7316317389085281,-0.13006909977531617
1.3291525301324314,0.8073533024950441,-0.6085897232397004,1.8904406851557827,0.6080456034381937
0.19652116970147013,0.35882179904040423,-0.5289777080640152,0.04930833152022263,-0.041499397894102966
0.7090037575885123,0.6771096717692846,-1.0565576427602528,0.7688396759688968,-0.14434011725363635
-0.08973569428722672,0.23293438585811088,1.223083067095325,-0.6082265074447593,0.6690007693582554
1.4401172154494728,0.7648489483523608,-0.25885440036983165,0.3631156277445234,0.5705382278321133
-0.6763923020592697,-0.4368653611832979,0.35250496835687956,0.3111099911431952,-0.10786290179199466
1.8009404329108156,0.8248335746286519,-0.5703513664136806,-1.889649292096153,0.6819772475506274
-0.04015795064434341,-0.11753311549851221,-1.8206033005485172,2.01527511046064,-0.741753084647761
-1.4307751021180481,-0.1485025026254918,0.2700573583914221,1.2906444609225471,-0.4249844225477746
0.12810441491078928,0.3608305685958256,-1.9122549754197768,-0.39719531614598763,-0.5206501573490013
-0.6810516574748808,-1.8107201460695805,-0.06863404608546861,-1.1022697404558555,-0.7749096087520664
0.8406435489887241,0.7482721627592426,-1.3683150388328105,0.347561613803552,-0.0020655201478923108
-0.6526239793023909,-0.22894389229180803,1.987275999230808,0.08669769941439658,0.31506698083491746
-0.4461834332147797,-0.23244609483033857,0.9113627221747217,0.3556689485632294,0.2056544021573384
-1.889540730945531,-1.1390295920172084,0.10575379127148042,0.19157739619408962,-0.9301281628947328
-0.4523063192490767,0.3359032003684684,1.2637066776546686,0.5062409893059261,0.635892699115538
-2.4238793266289567,-0.7381764322530494,-0.8463159774657358,1.4473056993918065,-1.2248343838619866
-1.5839028234857233,-1.1783902456546662,0.543479378670093,0.5681032051286461,-0.5873103946891499
0.7604146561442974,0.5837334716344162,0.1998104337187135,-1.0496554989099411,0.5317996111561216
0.7858001586508322,-0.0929282879452269,0.26402008133367,1.362562852712452,0.21362550845747777
0.42545756178496474,-0.4770803015019829,1.2723535001067678,1.6406145634882874,0.6557802471804072
-0.966976143129213,-0.7968466838595891,0.7324921027798023,3.152056734512085,-0.03701296514302921
-0.047711356141979855,0.40734105812038945,0.28872366282502326,-1.123494033239598,0.2626697267783538
-0.0036025390905684044,0.47476125314275913,-1.6548874362282961,0.242882013150275,-0.3615670034182974
-1.1583646891925428,-0.3226396345476249,-0.9600462952794637,-2.0820987031889873,-0.8852346351010891
1.5033983017671506,1.1142470443075738,-0.12270893359572414,0.5531491563792091,0.6564986737616296
0.8773622905756714,0.6967702888453149,0.09337237427665124,-0.5482002981667726,0.5136811984098487
-0.22096417382966393,-0.4312228845263081,-1.1302037246739238,1.9234457948249533,-0.6042435035395712
0.02688583899453078,0.22940419183423572,2.411676675578421,-0.7746149700185819,1.0021590113556864
0.20838280794755248,0.5043961665876173,1.5163940552535728,-1.6891830379672617,0.8741681334988285
-2.0417348684242906,-0.6437217693053582,0.6021183203924835,-0.47126374070251964,-0.5341507149545598
-0.24717738252059693,0.470867994477023,0.07203686128374476,-1.9754877712171375,-0.003908749428679789
-0.6819842479977986,0.013159799601632605,-0.21220896990115168,0.7510994545073101,-0.2336516207341383
-1.0016200098949155,-0.3250859011766663,-0.9519184600222356,-2.0650830462563206,-0.6924263330782168
-0.2811002928859549,0.39452497271523623,0.07748051851886253,0.02845758118315888,0.08216654311536851
1.7976865268495226,0.8855826338002313,0.2577525401427507,-2.077811819856197,1.0233465745781956
0.6408428612670098,-0.12051589498035398,-1.2417605754816243,-0.3202978045366419,-0.4623465196563482
-0.5711789897827968,-0.3671229768632803,0.33417641724489744,1.643378155804534,-0.101024980882679
0.5725827813561586,-0.08615993172514524,-0.15525904882474875,0.36064789143579495,-0.033204835280273015
